[{"model": "admin.logentry", "pk": 1, "fields": {"action_time": "2022-08-18T15:59:58.900Z", "user": 1, "content_type": 11, "object_id": "3", "object_repr": "a-The radius of curvature of a mirror is 20cm the focal length is", "action_flag": 2, "change_message": "[{\"changed\": {\"fields\": [\"Board\"]}}]"}}, {"model": "admin.logentry", "pk": 2, "fields": {"action_time": "2022-08-18T16:00:27.258Z", "user": 1, "content_type": 11, "object_id": "3", "object_repr": "a-The radius of curvature of a mirror is 20cm the focal length is", "action_flag": 2, "change_message": "[{\"changed\": {\"fields\": [\"Grade\"]}}]"}}, {"model": "admin.logentry", "pk": 3, "fields": {"action_time": "2022-08-18T16:03:04.685Z", "user": 1, "content_type": 11, "object_id": "3", "object_repr": "a-The radius of curvature of a mirror is 20cm the focal length is", "action_flag": 2, "change_message": "[]"}}, {"model": "admin.logentry", "pk": 4, "fields": {"action_time": "2022-08-18T16:03:14.467Z", "user": 1, "content_type": 11, "object_id": "4", "object_repr": "b-The unit of power of lens is", "action_flag": 2, "change_message": "[]"}}, {"model": "admin.logentry", "pk": 5, "fields": {"action_time": "2022-08-18T16:25:23.798Z", "user": 1, "content_type": 11, "object_id": "12", "object_repr": "a-चावल के उत्पादन में भारत का विश्व में कौन सा स्थान है?", "action_flag": 2, "change_message": "[]"}}, {"model": "admin.logentry", "pk": 6, "fields": {"action_time": "2022-08-18T16:51:27.962Z", "user": 1, "content_type": 11, "object_id": "1", "object_repr": "a-There is a circular path around a sports field. Priya takes 18 minutes to drive one round of the field. Harish takes 12 minutes. Suppose they both start at the same point and at the same time and go", "action_flag": 2, "change_message": "[{\"changed\": {\"fields\": [\"Board\"]}}]"}}, {"model": "admin.logentry", "pk": 7, "fields": {"action_time": "2022-08-18T16:51:35.863Z", "user": 1, "content_type": 11, "object_id": "1", "object_repr": "a-There is a circular path around a sports field. Priya takes 18 minutes to drive one round of the field. Harish takes 12 minutes. Suppose they both start at the same point and at the same time and go", "action_flag": 2, "change_message": "[{\"changed\": {\"fields\": [\"Board\"]}}]"}}, {"model": "admin.logentry", "pk": 8, "fields": {"action_time": "2022-08-18T16:51:41.338Z", "user": 1, "content_type": 11, "object_id": "2", "object_repr": "a-The zeroes of the quadratic polynomial x^2 + 99x + 127 are", "action_flag": 2, "change_message": "[{\"changed\": {\"fields\": [\"Board\"]}}]"}}, {"model": "admin.logentry", "pk": 9, "fields": {"action_time": "2022-08-18T16:51:52.574Z", "user": 1, "content_type": 11, "object_id": "3", "object_repr": "a-The radius of curvature of a mirror is 20cm the focal length is", "action_flag": 2, "change_message": "[{\"changed\": {\"fields\": [\"Board\"]}}]"}}, {"model": "admin.logentry", "pk": 10, "fields": {"action_time": "2022-08-18T16:52:02.374Z", "user": 1, "content_type": 11, "object_id": "4", "object_repr": "b-The unit of power of lens is", "action_flag": 2, "change_message": "[{\"changed\": {\"fields\": [\"Board\"]}}]"}}, {"model": "admin.logentry", "pk": 11, "fields": {"action_time": "2022-08-18T16:52:09.771Z", "user": 1, "content_type": 11, "object_id": "4", "object_repr": "b-The unit of power of lens is", "action_flag": 2, "change_message": "[]"}}, {"model": "admin.logentry", "pk": 12, "fields": {"action_time": "2022-08-18T16:52:15.716Z", "user": 1, "content_type": 11, "object_id": "4", "object_repr": "b-The unit of power of lens is", "action_flag": 2, "change_message": "[]"}}, {"model": "admin.logentry", "pk": 13, "fields": {"action_time": "2022-08-18T16:52:26.716Z", "user": 1, "content_type": 11, "object_id": "5", "object_repr": "a-राजस्थान में पवन और सौर ऊर्जा संसाधनों की अपार संभावनाएं हैं, ये दोनों संसाधन किस प्रकार के संसाधन हैं?", "action_flag": 2, "change_message": "[{\"changed\": {\"fields\": [\"Board\"]}}]"}}, {"model": "admin.logentry", "pk": 14, "fields": {"action_time": "2022-08-18T16:52:34.103Z", "user": 1, "content_type": 11, "object_id": "6", "object_repr": "a-इनमें से कौन से संसाधन पुनः चक्रिय है?", "action_flag": 2, "change_message": "[{\"changed\": {\"fields\": [\"Board\"]}}]"}}, {"model": "admin.logentry", "pk": 15, "fields": {"action_time": "2022-08-18T16:52:39.896Z", "user": 1, "content_type": 11, "object_id": "7", "object_repr": "b-भारतीय वन्य जीव सुरक्षा अधिनियम कब बना?", "action_flag": 2, "change_message": "[{\"changed\": {\"fields\": [\"Board\"]}}]"}}, {"model": "admin.logentry", "pk": 16, "fields": {"action_time": "2022-08-18T16:52:46.960Z", "user": 1, "content_type": 11, "object_id": "8", "object_repr": "b-बांस ड्रिप सिंचाई प्रणाली इनमें से किस राज्य में प्रमुखता से प्रचलन में है?", "action_flag": 2, "change_message": "[{\"changed\": {\"fields\": [\"Board\"]}}]"}}, {"model": "admin.logentry", "pk": 17, "fields": {"action_time": "2022-08-18T16:52:53.053Z", "user": 1, "content_type": 11, "object_id": "2", "object_repr": "a-The zeroes of the quadratic polynomial x^2 + 99x + 127 are", "action_flag": 2, "change_message": "[]"}}, {"model": "admin.logentry", "pk": 18, "fields": {"action_time": "2022-08-18T16:53:04.399Z", "user": 1, "content_type": 11, "object_id": "8", "object_repr": "b-बांस ड्रिप सिंचाई प्रणाली इनमें से किस राज्य में प्रमुखता से प्रचलन में है?", "action_flag": 2, "change_message": "[]"}}, {"model": "admin.logentry", "pk": 19, "fields": {"action_time": "2022-08-18T16:53:27.094Z", "user": 1, "content_type": 11, "object_id": "8", "object_repr": "b-बांस ड्रिप सिंचाई प्रणाली इनमें से किस राज्य में प्रमुखता से प्रचलन में है?", "action_flag": 2, "change_message": "[]"}}, {"model": "admin.logentry", "pk": 20, "fields": {"action_time": "2022-08-18T16:53:32.695Z", "user": 1, "content_type": 11, "object_id": "9", "object_repr": "a-जल दुर्लभता क्या?", "action_flag": 2, "change_message": "[{\"changed\": {\"fields\": [\"Board\"]}}]"}}, {"model": "admin.logentry", "pk": 21, "fields": {"action_time": "2022-08-18T16:53:38.594Z", "user": 1, "content_type": 11, "object_id": "10", "object_repr": "a-11वीं शताब्दी में बनाई गई सबसे बड़ी कृत्रिम झील कौन सी है?", "action_flag": 2, "change_message": "[{\"changed\": {\"fields\": [\"Board\"]}}]"}}, {"model": "admin.logentry", "pk": 22, "fields": {"action_time": "2022-08-18T16:53:43.694Z", "user": 1, "content_type": 11, "object_id": "11", "object_repr": "a-इनमें से कौन-सी रबी की फसल है?", "action_flag": 2, "change_message": "[{\"changed\": {\"fields\": [\"Board\"]}}]"}}, {"model": "admin.logentry", "pk": 23, "fields": {"action_time": "2022-08-18T16:53:49.377Z", "user": 1, "content_type": 11, "object_id": "12", "object_repr": "a-चावल के उत्पादन में भारत का विश्व में कौन सा स्थान है?", "action_flag": 2, "change_message": "[{\"changed\": {\"fields\": [\"Board\"]}}]"}}, {"model": "admin.logentry", "pk": 24, "fields": {"action_time": "2022-08-18T16:53:53.734Z", "user": 1, "content_type": 11, "object_id": "13", "object_repr": "a-ીચેનામાંથી સજીવનું કયું લક્ષણ વનસ્પતિમાં જોવા મળતું નથી ?", "action_flag": 2, "change_message": "[]"}}, {"model": "admin.logentry", "pk": 25, "fields": {"action_time": "2022-08-18T16:54:07.797Z", "user": 1, "content_type": 11, "object_id": "13", "object_repr": "a-ીચેનામાંથી સજીવનું કયું લક્ષણ વનસ્પતિમાં જોવા મળતું નથી ?", "action_flag": 2, "change_message": "[]"}}, {"model": "admin.logentry", "pk": 26, "fields": {"action_time": "2022-08-18T17:35:56.332Z", "user": 1, "content_type": 8, "object_id": "3", "object_repr": "viraj.patidar@iit.edu-teacher", "action_flag": 2, "change_message": "[{\"changed\": {\"fields\": [\"Is verified\"]}}]"}}, {"model": "admin.logentry", "pk": 27, "fields": {"action_time": "2022-08-19T04:02:38.597Z", "user": 1, "content_type": 8, "object_id": "4", "object_repr": "umang.thadani@kjsomaiya.edu-teacher", "action_flag": 2, "change_message": "[{\"changed\": {\"fields\": [\"Is verified\"]}}]"}}, {"model": "admin.logentry", "pk": 28, "fields": {"action_time": "2022-08-19T04:11:26.512Z", "user": 1, "content_type": 8, "object_id": "5", "object_repr": "anurag.singh@smbmv.edu-teacher", "action_flag": 2, "change_message": "[{\"changed\": {\"fields\": [\"Is verified\"]}}]"}}, {"model": "admin.logentry", "pk": 29, "fields": {"action_time": "2022-08-19T04:15:22.979Z", "user": 1, "content_type": 11, "object_id": "39", "object_repr": "a-In a rhombus if d1 = 16 cm, d2 = 12 cm, then the length of the side of the rhombus is", "action_flag": 2, "change_message": "[{\"changed\": {\"fields\": [\"Board\"]}}]"}}, {"model": "admin.logentry", "pk": 30, "fields": {"action_time": "2022-08-19T04:15:31.565Z", "user": 1, "content_type": 11, "object_id": "40", "object_repr": "a-The area of the triangle ABC with the vertices A(-5, 7), B(-4, -5) and C(4, 5) is", "action_flag": 2, "change_message": "[{\"changed\": {\"fields\": [\"Board\"]}}]"}}, {"model": "admin.logentry", "pk": 31, "fields": {"action_time": "2022-08-19T04:15:36.645Z", "user": 1, "content_type": 11, "object_id": "38", "object_repr": "a-If the numbers a, b, c, d, e form an A.P., then the value of a – 4b + 6c – 4d + e is", "action_flag": 2, "change_message": "[]"}}, {"model": "admin.logentry", "pk": 32, "fields": {"action_time": "2022-08-19T04:24:12.051Z", "user": 1, "content_type": 8, "object_id": "6", "object_repr": "naman.shah@djs.edu-other", "action_flag": 2, "change_message": "[{\"changed\": {\"fields\": [\"Is verified\"]}}]"}}, {"model": "admin.logentry", "pk": 33, "fields": {"action_time": "2022-08-19T05:24:15.130Z", "user": 1, "content_type": 11, "object_id": "50", "object_repr": "a-3 A nut is opened by a wrench of length 10cm. If the least force required is 5.0N, find the moment of force needed to turn the nut", "action_flag": 2, "change_message": "[{\"changed\": {\"fields\": [\"Grade\"]}}]"}}, {"model": "admin.logentry", "pk": 34, "fields": {"action_time": "2022-08-19T05:24:20.209Z", "user": 1, "content_type": 11, "object_id": "49", "object_repr": "b-The force exerted on a current-carrying wire placed in a magnetic field is zero when the angle between the wire and the direction of the magnetic field is", "action_flag": 2, "change_message": "[]"}}, {"model": "admin.logentry", "pk": 35, "fields": {"action_time": "2022-08-19T05:24:23.428Z", "user": 1, "content_type": 11, "object_id": "48", "object_repr": "b-A battery of 6V is connected in series with resisters of 0.1 ohm , 0.15 ohm,0.2 ohm,0.25 ohm and 6 ohm. How much current would flow through the 0.3 ohm resistor?", "action_flag": 2, "change_message": "[]"}}, {"model": "admin.logentry", "pk": 36, "fields": {"action_time": "2022-08-19T05:31:28.668Z", "user": 1, "content_type": 8, "object_id": "7", "object_repr": "dishika.mehta@spit.edu-other", "action_flag": 2, "change_message": "[{\"changed\": {\"fields\": [\"Is verified\"]}}]"}}, {"model": "admin.logentry", "pk": 37, "fields": {"action_time": "2022-08-19T05:45:07.263Z", "user": 1, "content_type": 8, "object_id": "8", "object_repr": "mary.j@gmail.com-other", "action_flag": 2, "change_message": "[{\"changed\": {\"fields\": [\"Is verified\"]}}]"}}, {"model": "admin.logentry", "pk": 38, "fields": {"action_time": "2022-08-19T05:56:28.794Z", "user": 1, "content_type": 8, "object_id": "9", "object_repr": "luke.hayes@tesla.org-other", "action_flag": 2, "change_message": "[{\"changed\": {\"fields\": [\"Is verified\"]}}]"}}, {"model": "admin.logentry", "pk": 39, "fields": {"action_time": "2022-08-25T11:06:00.984Z", "user": 1, "content_type": 18, "object_id": "14", "object_repr": "File object (14)", "action_flag": 3, "change_message": ""}}, {"model": "admin.logentry", "pk": 40, "fields": {"action_time": "2022-08-25T11:06:00.989Z", "user": 1, "content_type": 18, "object_id": "13", "object_repr": "File object (13)", "action_flag": 3, "change_message": ""}}, {"model": "admin.logentry", "pk": 41, "fields": {"action_time": "2022-08-25T11:06:00.996Z", "user": 1, "content_type": 18, "object_id": "12", "object_repr": "File object (12)", "action_flag": 3, "change_message": ""}}, {"model": "admin.logentry", "pk": 42, "fields": {"action_time": "2022-08-25T11:06:01.000Z", "user": 1, "content_type": 18, "object_id": "11", "object_repr": "File object (11)", "action_flag": 3, "change_message": ""}}, {"model": "admin.logentry", "pk": 43, "fields": {"action_time": "2022-08-25T11:06:01.005Z", "user": 1, "content_type": 18, "object_id": "10", "object_repr": "File object (10)", "action_flag": 3, "change_message": ""}}, {"model": "admin.logentry", "pk": 44, "fields": {"action_time": "2022-08-25T11:06:01.010Z", "user": 1, "content_type": 18, "object_id": "9", "object_repr": "File object (9)", "action_flag": 3, "change_message": ""}}, {"model": "admin.logentry", "pk": 45, "fields": {"action_time": "2022-08-25T11:06:01.016Z", "user": 1, "content_type": 18, "object_id": "8", "object_repr": "File object (8)", "action_flag": 3, "change_message": ""}}, {"model": "admin.logentry", "pk": 46, "fields": {"action_time": "2022-08-25T11:06:01.020Z", "user": 1, "content_type": 18, "object_id": "7", "object_repr": "File object (7)", "action_flag": 3, "change_message": ""}}, {"model": "admin.logentry", "pk": 47, "fields": {"action_time": "2022-08-25T11:06:01.025Z", "user": 1, "content_type": 18, "object_id": "6", "object_repr": "File object (6)", "action_flag": 3, "change_message": ""}}, {"model": "admin.logentry", "pk": 48, "fields": {"action_time": "2022-08-25T11:06:01.030Z", "user": 1, "content_type": 18, "object_id": "5", "object_repr": "File object (5)", "action_flag": 3, "change_message": ""}}, {"model": "admin.logentry", "pk": 49, "fields": {"action_time": "2022-08-25T11:06:01.035Z", "user": 1, "content_type": 18, "object_id": "4", "object_repr": "File object (4)", "action_flag": 3, "change_message": ""}}, {"model": "admin.logentry", "pk": 50, "fields": {"action_time": "2022-08-25T11:06:01.039Z", "user": 1, "content_type": 18, "object_id": "3", "object_repr": "File object (3)", "action_flag": 3, "change_message": ""}}, {"model": "admin.logentry", "pk": 51, "fields": {"action_time": "2022-08-25T11:06:01.044Z", "user": 1, "content_type": 18, "object_id": "2", "object_repr": "File object (2)", "action_flag": 3, "change_message": ""}}, {"model": "admin.logentry", "pk": 52, "fields": {"action_time": "2022-08-25T11:06:01.050Z", "user": 1, "content_type": 18, "object_id": "1", "object_repr": "File object (1)", "action_flag": 3, "change_message": ""}}, {"model": "admin.logentry", "pk": 53, "fields": {"action_time": "2022-08-25T11:06:27.185Z", "user": 1, "content_type": 11, "object_id": "82", "object_repr": "c-7-3=?", "action_flag": 3, "change_message": ""}}, {"model": "admin.logentry", "pk": 54, "fields": {"action_time": "2022-08-25T11:06:27.191Z", "user": 1, "content_type": 11, "object_id": "81", "object_repr": "b-1+1=?", "action_flag": 3, "change_message": ""}}, {"model": "admin.logentry", "pk": 55, "fields": {"action_time": "2022-08-25T11:06:27.199Z", "user": 1, "content_type": 11, "object_id": "80", "object_repr": "a-sum of angles of a triangle", "action_flag": 3, "change_message": ""}}, {"model": "admin.logentry", "pk": 56, "fields": {"action_time": "2022-08-25T11:06:27.204Z", "user": 1, "content_type": 11, "object_id": "79", "object_repr": "c-7-3=?", "action_flag": 3, "change_message": ""}}, {"model": "admin.logentry", "pk": 57, "fields": {"action_time": "2022-08-25T11:06:27.208Z", "user": 1, "content_type": 11, "object_id": "78", "object_repr": "b-1+1=?", "action_flag": 3, "change_message": ""}}, {"model": "admin.logentry", "pk": 58, "fields": {"action_time": "2022-08-25T11:06:27.212Z", "user": 1, "content_type": 11, "object_id": "77", "object_repr": "a-sum of angles of a triangle", "action_flag": 3, "change_message": ""}}, {"model": "admin.logentry", "pk": 59, "fields": {"action_time": "2022-08-25T11:06:37.291Z", "user": 1, "content_type": 11, "object_id": "76", "object_repr": "a-area of square", "action_flag": 3, "change_message": ""}}, {"model": "admin.logentry", "pk": 60, "fields": {"action_time": "2022-08-25T12:29:59.002Z", "user": 1, "content_type": 18, "object_id": "17", "object_repr": "File object (17)", "action_flag": 3, "change_message": ""}}, {"model": "admin.logentry", "pk": 61, "fields": {"action_time": "2022-08-25T12:29:59.009Z", "user": 1, "content_type": 18, "object_id": "16", "object_repr": "File object (16)", "action_flag": 3, "change_message": ""}}, {"model": "admin.logentry", "pk": 62, "fields": {"action_time": "2022-08-25T12:29:59.014Z", "user": 1, "content_type": 18, "object_id": "15", "object_repr": "File object (15)", "action_flag": 3, "change_message": ""}}, {"model": "admin.logentry", "pk": 63, "fields": {"action_time": "2022-08-25T12:32:22.517Z", "user": 1, "content_type": 18, "object_id": "18", "object_repr": "File object (18)", "action_flag": 3, "change_message": ""}}, {"model": "admin.logentry", "pk": 64, "fields": {"action_time": "2022-08-25T12:44:31.141Z", "user": 1, "content_type": 18, "object_id": "35", "object_repr": "File object (35)", "action_flag": 3, "change_message": ""}}, {"model": "admin.logentry", "pk": 65, "fields": {"action_time": "2022-08-25T12:44:31.146Z", "user": 1, "content_type": 18, "object_id": "34", "object_repr": "File object (34)", "action_flag": 3, "change_message": ""}}, {"model": "admin.logentry", "pk": 66, "fields": {"action_time": "2022-08-25T12:44:31.151Z", "user": 1, "content_type": 18, "object_id": "33", "object_repr": "File object (33)", "action_flag": 3, "change_message": ""}}, {"model": "admin.logentry", "pk": 67, "fields": {"action_time": "2022-08-25T12:44:31.155Z", "user": 1, "content_type": 18, "object_id": "32", "object_repr": "File object (32)", "action_flag": 3, "change_message": ""}}, {"model": "admin.logentry", "pk": 68, "fields": {"action_time": "2022-08-25T12:44:31.162Z", "user": 1, "content_type": 18, "object_id": "31", "object_repr": "File object (31)", "action_flag": 3, "change_message": ""}}, {"model": "admin.logentry", "pk": 69, "fields": {"action_time": "2022-08-25T12:44:31.166Z", "user": 1, "content_type": 18, "object_id": "30", "object_repr": "File object (30)", "action_flag": 3, "change_message": ""}}, {"model": "admin.logentry", "pk": 70, "fields": {"action_time": "2022-08-25T12:44:31.171Z", "user": 1, "content_type": 18, "object_id": "29", "object_repr": "File object (29)", "action_flag": 3, "change_message": ""}}, {"model": "admin.logentry", "pk": 71, "fields": {"action_time": "2022-08-25T12:44:31.177Z", "user": 1, "content_type": 18, "object_id": "28", "object_repr": "File object (28)", "action_flag": 3, "change_message": ""}}, {"model": "admin.logentry", "pk": 72, "fields": {"action_time": "2022-08-25T12:44:31.183Z", "user": 1, "content_type": 18, "object_id": "27", "object_repr": "File object (27)", "action_flag": 3, "change_message": ""}}, {"model": "admin.logentry", "pk": 73, "fields": {"action_time": "2022-08-25T12:44:31.187Z", "user": 1, "content_type": 18, "object_id": "26", "object_repr": "File object (26)", "action_flag": 3, "change_message": ""}}, {"model": "admin.logentry", "pk": 74, "fields": {"action_time": "2022-08-25T12:44:31.191Z", "user": 1, "content_type": 18, "object_id": "25", "object_repr": "File object (25)", "action_flag": 3, "change_message": ""}}, {"model": "admin.logentry", "pk": 75, "fields": {"action_time": "2022-08-25T12:44:31.197Z", "user": 1, "content_type": 18, "object_id": "24", "object_repr": "File object (24)", "action_flag": 3, "change_message": ""}}, {"model": "admin.logentry", "pk": 76, "fields": {"action_time": "2022-08-25T12:44:31.202Z", "user": 1, "content_type": 18, "object_id": "22", "object_repr": "File object (22)", "action_flag": 3, "change_message": ""}}, {"model": "admin.logentry", "pk": 77, "fields": {"action_time": "2022-08-25T12:44:31.206Z", "user": 1, "content_type": 18, "object_id": "21", "object_repr": "File object (21)", "action_flag": 3, "change_message": ""}}, {"model": "admin.logentry", "pk": 78, "fields": {"action_time": "2022-08-25T12:44:31.210Z", "user": 1, "content_type": 18, "object_id": "20", "object_repr": "File object (20)", "action_flag": 3, "change_message": ""}}, {"model": "admin.logentry", "pk": 79, "fields": {"action_time": "2022-08-25T12:46:19.661Z", "user": 1, "content_type": 11, "object_id": "139", "object_repr": "c-7-3=?", "action_flag": 3, "change_message": ""}}, {"model": "admin.logentry", "pk": 80, "fields": {"action_time": "2022-08-25T12:46:19.668Z", "user": 1, "content_type": 11, "object_id": "138", "object_repr": "b-1+1=?", "action_flag": 3, "change_message": ""}}, {"model": "admin.logentry", "pk": 81, "fields": {"action_time": "2022-08-25T12:46:19.674Z", "user": 1, "content_type": 11, "object_id": "137", "object_repr": "a-sum of angles of a triangle", "action_flag": 3, "change_message": ""}}, {"model": "admin.logentry", "pk": 82, "fields": {"action_time": "2022-08-25T12:46:19.680Z", "user": 1, "content_type": 11, "object_id": "136", "object_repr": "c-7-3=?", "action_flag": 3, "change_message": ""}}, {"model": "admin.logentry", "pk": 83, "fields": {"action_time": "2022-08-25T12:46:19.684Z", "user": 1, "content_type": 11, "object_id": "135", "object_repr": "b-1+1=?", "action_flag": 3, "change_message": ""}}, {"model": "admin.logentry", "pk": 84, "fields": {"action_time": "2022-08-25T12:46:19.689Z", "user": 1, "content_type": 11, "object_id": "134", "object_repr": "a-sum of angles of a triangle", "action_flag": 3, "change_message": ""}}, {"model": "admin.logentry", "pk": 85, "fields": {"action_time": "2022-08-25T12:46:19.693Z", "user": 1, "content_type": 11, "object_id": "133", "object_repr": "c-7-3=?", "action_flag": 3, "change_message": ""}}, {"model": "admin.logentry", "pk": 86, "fields": {"action_time": "2022-08-25T12:46:19.699Z", "user": 1, "content_type": 11, "object_id": "132", "object_repr": "b-1+1=?", "action_flag": 3, "change_message": ""}}, {"model": "admin.logentry", "pk": 87, "fields": {"action_time": "2022-08-25T12:46:19.703Z", "user": 1, "content_type": 11, "object_id": "131", "object_repr": "a-sum of angles of a triangle", "action_flag": 3, "change_message": ""}}, {"model": "admin.logentry", "pk": 88, "fields": {"action_time": "2022-08-25T12:46:19.707Z", "user": 1, "content_type": 11, "object_id": "130", "object_repr": "c-7-3=?", "action_flag": 3, "change_message": ""}}, {"model": "admin.logentry", "pk": 89, "fields": {"action_time": "2022-08-25T12:46:19.713Z", "user": 1, "content_type": 11, "object_id": "129", "object_repr": "b-1+1=?", "action_flag": 3, "change_message": ""}}, {"model": "admin.logentry", "pk": 90, "fields": {"action_time": "2022-08-25T12:46:19.718Z", "user": 1, "content_type": 11, "object_id": "128", "object_repr": "a-sum of angles of a triangle", "action_flag": 3, "change_message": ""}}, {"model": "admin.logentry", "pk": 91, "fields": {"action_time": "2022-08-25T12:46:19.722Z", "user": 1, "content_type": 11, "object_id": "127", "object_repr": "c-7-3=?", "action_flag": 3, "change_message": ""}}, {"model": "admin.logentry", "pk": 92, "fields": {"action_time": "2022-08-25T12:46:19.726Z", "user": 1, "content_type": 11, "object_id": "126", "object_repr": "b-1+1=?", "action_flag": 3, "change_message": ""}}, {"model": "admin.logentry", "pk": 93, "fields": {"action_time": "2022-08-25T12:46:19.731Z", "user": 1, "content_type": 11, "object_id": "125", "object_repr": "a-sum of angles of a triangle", "action_flag": 3, "change_message": ""}}, {"model": "admin.logentry", "pk": 94, "fields": {"action_time": "2022-08-25T12:46:19.736Z", "user": 1, "content_type": 11, "object_id": "124", "object_repr": "c-7-3=?", "action_flag": 3, "change_message": ""}}, {"model": "admin.logentry", "pk": 95, "fields": {"action_time": "2022-08-25T12:46:19.741Z", "user": 1, "content_type": 11, "object_id": "123", "object_repr": "b-1+1=?", "action_flag": 3, "change_message": ""}}, {"model": "admin.logentry", "pk": 96, "fields": {"action_time": "2022-08-25T12:46:19.745Z", "user": 1, "content_type": 11, "object_id": "122", "object_repr": "a-sum of angles of a triangle", "action_flag": 3, "change_message": ""}}, {"model": "admin.logentry", "pk": 97, "fields": {"action_time": "2022-08-25T12:46:19.751Z", "user": 1, "content_type": 11, "object_id": "121", "object_repr": "c-7-3=?", "action_flag": 3, "change_message": ""}}, {"model": "admin.logentry", "pk": 98, "fields": {"action_time": "2022-08-25T12:46:19.756Z", "user": 1, "content_type": 11, "object_id": "120", "object_repr": "b-1+1=?", "action_flag": 3, "change_message": ""}}, {"model": "admin.logentry", "pk": 99, "fields": {"action_time": "2022-08-25T12:46:19.760Z", "user": 1, "content_type": 11, "object_id": "119", "object_repr": "a-sum of angles of a triangle", "action_flag": 3, "change_message": ""}}, {"model": "admin.logentry", "pk": 100, "fields": {"action_time": "2022-08-25T12:46:19.764Z", "user": 1, "content_type": 11, "object_id": "118", "object_repr": "c-7-3=?", "action_flag": 3, "change_message": ""}}, {"model": "admin.logentry", "pk": 101, "fields": {"action_time": "2022-08-25T12:46:19.770Z", "user": 1, "content_type": 11, "object_id": "117", "object_repr": "b-1+1=?", "action_flag": 3, "change_message": ""}}, {"model": "admin.logentry", "pk": 102, "fields": {"action_time": "2022-08-25T12:46:19.775Z", "user": 1, "content_type": 11, "object_id": "116", "object_repr": "a-sum of angles of a triangle", "action_flag": 3, "change_message": ""}}, {"model": "admin.logentry", "pk": 103, "fields": {"action_time": "2022-08-25T12:46:19.779Z", "user": 1, "content_type": 11, "object_id": "115", "object_repr": "c-7-3=?", "action_flag": 3, "change_message": ""}}, {"model": "admin.logentry", "pk": 104, "fields": {"action_time": "2022-08-25T12:46:19.784Z", "user": 1, "content_type": 11, "object_id": "114", "object_repr": "b-1+1=?", "action_flag": 3, "change_message": ""}}, {"model": "admin.logentry", "pk": 105, "fields": {"action_time": "2022-08-25T12:46:19.790Z", "user": 1, "content_type": 11, "object_id": "113", "object_repr": "a-sum of angles of a triangle", "action_flag": 3, "change_message": ""}}, {"model": "admin.logentry", "pk": 106, "fields": {"action_time": "2022-08-25T12:46:19.794Z", "user": 1, "content_type": 11, "object_id": "112", "object_repr": "c-7-3=?", "action_flag": 3, "change_message": ""}}, {"model": "admin.logentry", "pk": 107, "fields": {"action_time": "2022-08-25T12:46:19.798Z", "user": 1, "content_type": 11, "object_id": "111", "object_repr": "b-1+1=?", "action_flag": 3, "change_message": ""}}, {"model": "admin.logentry", "pk": 108, "fields": {"action_time": "2022-08-25T12:46:19.803Z", "user": 1, "content_type": 11, "object_id": "110", "object_repr": "a-sum of angles of a triangle", "action_flag": 3, "change_message": ""}}, {"model": "admin.logentry", "pk": 109, "fields": {"action_time": "2022-08-25T12:46:19.809Z", "user": 1, "content_type": 11, "object_id": "109", "object_repr": "b-1+1=?", "action_flag": 3, "change_message": ""}}, {"model": "admin.logentry", "pk": 110, "fields": {"action_time": "2022-08-25T12:46:19.813Z", "user": 1, "content_type": 11, "object_id": "108", "object_repr": "a-sum of angles of a triangle", "action_flag": 3, "change_message": ""}}, {"model": "admin.logentry", "pk": 111, "fields": {"action_time": "2022-08-25T12:46:19.817Z", "user": 1, "content_type": 11, "object_id": "107", "object_repr": "c-7-3=?", "action_flag": 3, "change_message": ""}}, {"model": "admin.logentry", "pk": 112, "fields": {"action_time": "2022-08-25T12:46:19.822Z", "user": 1, "content_type": 11, "object_id": "106", "object_repr": "b-1+1=?", "action_flag": 3, "change_message": ""}}, {"model": "admin.logentry", "pk": 113, "fields": {"action_time": "2022-08-25T12:46:19.827Z", "user": 1, "content_type": 11, "object_id": "105", "object_repr": "a-sum of angles of a triangle", "action_flag": 3, "change_message": ""}}, {"model": "admin.logentry", "pk": 114, "fields": {"action_time": "2022-08-25T12:46:19.831Z", "user": 1, "content_type": 11, "object_id": "104", "object_repr": "a-sum of angles of a triangle", "action_flag": 3, "change_message": ""}}, {"model": "admin.logentry", "pk": 115, "fields": {"action_time": "2022-08-25T12:46:19.836Z", "user": 1, "content_type": 11, "object_id": "103", "object_repr": "a-sum of angles of a triangle", "action_flag": 3, "change_message": ""}}, {"model": "admin.logentry", "pk": 116, "fields": {"action_time": "2022-08-25T12:46:19.841Z", "user": 1, "content_type": 11, "object_id": "102", "object_repr": "b-1+1=?", "action_flag": 3, "change_message": ""}}, {"model": "admin.logentry", "pk": 117, "fields": {"action_time": "2022-08-25T12:46:19.846Z", "user": 1, "content_type": 11, "object_id": "101", "object_repr": "a-sum of angles of a triangle", "action_flag": 3, "change_message": ""}}, {"model": "admin.logentry", "pk": 118, "fields": {"action_time": "2022-08-25T12:46:19.851Z", "user": 1, "content_type": 11, "object_id": "100", "object_repr": "c-7-3=?", "action_flag": 3, "change_message": ""}}, {"model": "admin.logentry", "pk": 119, "fields": {"action_time": "2022-08-25T12:46:19.855Z", "user": 1, "content_type": 11, "object_id": "99", "object_repr": "b-1+1=?", "action_flag": 3, "change_message": ""}}, {"model": "admin.logentry", "pk": 120, "fields": {"action_time": "2022-08-25T12:46:19.863Z", "user": 1, "content_type": 11, "object_id": "98", "object_repr": "a-sum of angles of a triangle", "action_flag": 3, "change_message": ""}}, {"model": "admin.logentry", "pk": 121, "fields": {"action_time": "2022-08-25T12:46:19.868Z", "user": 1, "content_type": 11, "object_id": "97", "object_repr": "c-7-3=?", "action_flag": 3, "change_message": ""}}, {"model": "admin.logentry", "pk": 122, "fields": {"action_time": "2022-08-25T12:46:19.872Z", "user": 1, "content_type": 11, "object_id": "96", "object_repr": "b-1+1=?", "action_flag": 3, "change_message": ""}}, {"model": "admin.logentry", "pk": 123, "fields": {"action_time": "2022-08-25T12:46:19.877Z", "user": 1, "content_type": 11, "object_id": "95", "object_repr": "a-sum of angles of a triangle", "action_flag": 3, "change_message": ""}}, {"model": "admin.logentry", "pk": 124, "fields": {"action_time": "2022-08-25T12:46:19.883Z", "user": 1, "content_type": 11, "object_id": "94", "object_repr": "a-sum of angles of a triangle", "action_flag": 3, "change_message": ""}}, {"model": "admin.logentry", "pk": 125, "fields": {"action_time": "2022-08-25T12:46:19.887Z", "user": 1, "content_type": 11, "object_id": "93", "object_repr": "b-1+1=?", "action_flag": 3, "change_message": ""}}, {"model": "admin.logentry", "pk": 126, "fields": {"action_time": "2022-08-25T12:46:19.892Z", "user": 1, "content_type": 11, "object_id": "92", "object_repr": "a-sum of angles of a triangle", "action_flag": 3, "change_message": ""}}, {"model": "admin.logentry", "pk": 127, "fields": {"action_time": "2022-08-25T12:46:19.898Z", "user": 1, "content_type": 11, "object_id": "91", "object_repr": "a-sum of angles of a triangle", "action_flag": 3, "change_message": ""}}, {"model": "admin.logentry", "pk": 128, "fields": {"action_time": "2022-08-25T12:46:19.902Z", "user": 1, "content_type": 11, "object_id": "90", "object_repr": "c-7-3=?", "action_flag": 3, "change_message": ""}}, {"model": "admin.logentry", "pk": 129, "fields": {"action_time": "2022-08-25T12:46:19.907Z", "user": 1, "content_type": 11, "object_id": "89", "object_repr": "b-1+1=?", "action_flag": 3, "change_message": ""}}, {"model": "admin.logentry", "pk": 130, "fields": {"action_time": "2022-08-25T12:46:19.911Z", "user": 1, "content_type": 11, "object_id": "88", "object_repr": "a-sum of angles of a triangle", "action_flag": 3, "change_message": ""}}, {"model": "admin.logentry", "pk": 131, "fields": {"action_time": "2022-08-25T12:46:19.917Z", "user": 1, "content_type": 11, "object_id": "87", "object_repr": "b-1+1=?", "action_flag": 3, "change_message": ""}}, {"model": "admin.logentry", "pk": 132, "fields": {"action_time": "2022-08-25T12:46:19.922Z", "user": 1, "content_type": 11, "object_id": "86", "object_repr": "a-sum of angles of a triangle", "action_flag": 3, "change_message": ""}}, {"model": "admin.logentry", "pk": 133, "fields": {"action_time": "2022-08-25T12:46:19.926Z", "user": 1, "content_type": 11, "object_id": "85", "object_repr": "c-7-3=?", "action_flag": 3, "change_message": ""}}, {"model": "admin.logentry", "pk": 134, "fields": {"action_time": "2022-08-25T12:46:19.931Z", "user": 1, "content_type": 11, "object_id": "84", "object_repr": "b-1+1=?", "action_flag": 3, "change_message": ""}}, {"model": "admin.logentry", "pk": 135, "fields": {"action_time": "2022-08-25T12:46:19.937Z", "user": 1, "content_type": 11, "object_id": "83", "object_repr": "a-sum of angles of a triangle", "action_flag": 3, "change_message": ""}}, {"model": "admin.logentry", "pk": 136, "fields": {"action_time": "2022-08-26T05:53:48.584Z", "user": 1, "content_type": 11, "object_id": "50", "object_repr": "a-3 A nut is opened by a wrench of length 10cm. If the least force required is 5.0N, find the moment of force needed to turn the nut", "action_flag": 2, "change_message": "[{\"changed\": {\"fields\": [\"Difficulty\"]}}]"}}, {"model": "admin.logentry", "pk": 137, "fields": {"action_time": "2022-08-26T05:54:28.210Z", "user": 1, "content_type": 11, "object_id": "142", "object_repr": "c-7-3=?", "action_flag": 3, "change_message": ""}}, {"model": "admin.logentry", "pk": 138, "fields": {"action_time": "2022-08-26T05:54:28.217Z", "user": 1, "content_type": 11, "object_id": "141", "object_repr": "b-1+1=?", "action_flag": 3, "change_message": ""}}, {"model": "admin.logentry", "pk": 139, "fields": {"action_time": "2022-08-26T05:54:28.222Z", "user": 1, "content_type": 11, "object_id": "140", "object_repr": "a-sum of angles of a triangle", "action_flag": 3, "change_message": ""}}, {"model": "admin.logentry", "pk": 140, "fields": {"action_time": "2022-08-26T06:12:56.257Z", "user": 1, "content_type": 16, "object_id": "2", "object_repr": "atharva8591@gmail.com - Physics Practice Test", "action_flag": 2, "change_message": "[{\"changed\": {\"fields\": [\"Name\"]}}]"}}, {"model": "admin.logentry", "pk": 141, "fields": {"action_time": "2022-08-26T08:55:25.851Z", "user": 1, "content_type": 11, "object_id": "151", "object_repr": "c-7-3=?", "action_flag": 3, "change_message": ""}}, {"model": "admin.logentry", "pk": 142, "fields": {"action_time": "2022-08-26T08:55:25.858Z", "user": 1, "content_type": 11, "object_id": "150", "object_repr": "b-1+1=?", "action_flag": 3, "change_message": ""}}, {"model": "admin.logentry", "pk": 143, "fields": {"action_time": "2022-08-26T08:55:25.864Z", "user": 1, "content_type": 11, "object_id": "149", "object_repr": "a-sum of angles of a triangle", "action_flag": 3, "change_message": ""}}, {"model": "admin.logentry", "pk": 144, "fields": {"action_time": "2022-08-26T08:55:25.868Z", "user": 1, "content_type": 11, "object_id": "148", "object_repr": "c-7-3=?", "action_flag": 3, "change_message": ""}}, {"model": "admin.logentry", "pk": 145, "fields": {"action_time": "2022-08-26T08:55:25.872Z", "user": 1, "content_type": 11, "object_id": "147", "object_repr": "b-1+1=?", "action_flag": 3, "change_message": ""}}, {"model": "admin.logentry", "pk": 146, "fields": {"action_time": "2022-08-26T08:55:25.877Z", "user": 1, "content_type": 11, "object_id": "146", "object_repr": "a-sum of angles of a triangle", "action_flag": 3, "change_message": ""}}, {"model": "admin.logentry", "pk": 147, "fields": {"action_time": "2022-08-26T08:55:25.882Z", "user": 1, "content_type": 11, "object_id": "145", "object_repr": "c-7-3=?", "action_flag": 3, "change_message": ""}}, {"model": "admin.logentry", "pk": 148, "fields": {"action_time": "2022-08-26T08:55:25.887Z", "user": 1, "content_type": 11, "object_id": "144", "object_repr": "b-1+1=?", "action_flag": 3, "change_message": ""}}, {"model": "admin.logentry", "pk": 149, "fields": {"action_time": "2022-08-26T08:55:25.892Z", "user": 1, "content_type": 11, "object_id": "143", "object_repr": "a-sum of angles of a triangle", "action_flag": 3, "change_message": ""}}, {"model": "auth.permission", "pk": 1, "fields": {"name": "Can add log entry", "content_type": 1, "codename": "add_logentry"}}, {"model": "auth.permission", "pk": 2, "fields": {"name": "Can change log entry", "content_type": 1, "codename": "change_logentry"}}, {"model": "auth.permission", "pk": 3, "fields": {"name": "Can delete log entry", "content_type": 1, "codename": "delete_logentry"}}, {"model": "auth.permission", "pk": 4, "fields": {"name": "Can view log entry", "content_type": 1, "codename": "view_logentry"}}, {"model": "auth.permission", "pk": 5, "fields": {"name": "Can add permission", "content_type": 2, "codename": "add_permission"}}, {"model": "auth.permission", "pk": 6, "fields": {"name": "Can change permission", "content_type": 2, "codename": "change_permission"}}, {"model": "auth.permission", "pk": 7, "fields": {"name": "Can delete permission", "content_type": 2, "codename": "delete_permission"}}, {"model": "auth.permission", "pk": 8, "fields": {"name": "Can view permission", "content_type": 2, "codename": "view_permission"}}, {"model": "auth.permission", "pk": 9, "fields": {"name": "Can add group", "content_type": 3, "codename": "add_group"}}, {"model": "auth.permission", "pk": 10, "fields": {"name": "Can change group", "content_type": 3, "codename": "change_group"}}, {"model": "auth.permission", "pk": 11, "fields": {"name": "Can delete group", "content_type": 3, "codename": "delete_group"}}, {"model": "auth.permission", "pk": 12, "fields": {"name": "Can view group", "content_type": 3, "codename": "view_group"}}, {"model": "auth.permission", "pk": 13, "fields": {"name": "Can add content type", "content_type": 4, "codename": "add_contenttype"}}, {"model": "auth.permission", "pk": 14, "fields": {"name": "Can change content type", "content_type": 4, "codename": "change_contenttype"}}, {"model": "auth.permission", "pk": 15, "fields": {"name": "Can delete content type", "content_type": 4, "codename": "delete_contenttype"}}, {"model": "auth.permission", "pk": 16, "fields": {"name": "Can view content type", "content_type": 4, "codename": "view_contenttype"}}, {"model": "auth.permission", "pk": 17, "fields": {"name": "Can add session", "content_type": 5, "codename": "add_session"}}, {"model": "auth.permission", "pk": 18, "fields": {"name": "Can change session", "content_type": 5, "codename": "change_session"}}, {"model": "auth.permission", "pk": 19, "fields": {"name": "Can delete session", "content_type": 5, "codename": "delete_session"}}, {"model": "auth.permission", "pk": 20, "fields": {"name": "Can view session", "content_type": 5, "codename": "view_session"}}, {"model": "auth.permission", "pk": 21, "fields": {"name": "Can add blacklisted token", "content_type": 6, "codename": "add_blacklistedtoken"}}, {"model": "auth.permission", "pk": 22, "fields": {"name": "Can change blacklisted token", "content_type": 6, "codename": "change_blacklistedtoken"}}, {"model": "auth.permission", "pk": 23, "fields": {"name": "Can delete blacklisted token", "content_type": 6, "codename": "delete_blacklistedtoken"}}, {"model": "auth.permission", "pk": 24, "fields": {"name": "Can view blacklisted token", "content_type": 6, "codename": "view_blacklistedtoken"}}, {"model": "auth.permission", "pk": 25, "fields": {"name": "Can add outstanding token", "content_type": 7, "codename": "add_outstandingtoken"}}, {"model": "auth.permission", "pk": 26, "fields": {"name": "Can change outstanding token", "content_type": 7, "codename": "change_outstandingtoken"}}, {"model": "auth.permission", "pk": 27, "fields": {"name": "Can delete outstanding token", "content_type": 7, "codename": "delete_outstandingtoken"}}, {"model": "auth.permission", "pk": 28, "fields": {"name": "Can view outstanding token", "content_type": 7, "codename": "view_outstandingtoken"}}, {"model": "auth.permission", "pk": 29, "fields": {"name": "Can add user", "content_type": 8, "codename": "add_user"}}, {"model": "auth.permission", "pk": 30, "fields": {"name": "Can change user", "content_type": 8, "codename": "change_user"}}, {"model": "auth.permission", "pk": 31, "fields": {"name": "Can delete user", "content_type": 8, "codename": "delete_user"}}, {"model": "auth.permission", "pk": 32, "fields": {"name": "Can view user", "content_type": 8, "codename": "view_user"}}, {"model": "auth.permission", "pk": 33, "fields": {"name": "Can add teacher", "content_type": 9, "codename": "add_teacher"}}, {"model": "auth.permission", "pk": 34, "fields": {"name": "Can change teacher", "content_type": 9, "codename": "change_teacher"}}, {"model": "auth.permission", "pk": 35, "fields": {"name": "Can delete teacher", "content_type": 9, "codename": "delete_teacher"}}, {"model": "auth.permission", "pk": 36, "fields": {"name": "Can view teacher", "content_type": 9, "codename": "view_teacher"}}, {"model": "auth.permission", "pk": 37, "fields": {"name": "Can add other", "content_type": 10, "codename": "add_other"}}, {"model": "auth.permission", "pk": 38, "fields": {"name": "Can change other", "content_type": 10, "codename": "change_other"}}, {"model": "auth.permission", "pk": 39, "fields": {"name": "Can delete other", "content_type": 10, "codename": "delete_other"}}, {"model": "auth.permission", "pk": 40, "fields": {"name": "Can view other", "content_type": 10, "codename": "view_other"}}, {"model": "auth.permission", "pk": 41, "fields": {"name": "Can add question", "content_type": 11, "codename": "add_question"}}, {"model": "auth.permission", "pk": 42, "fields": {"name": "Can change question", "content_type": 11, "codename": "change_question"}}, {"model": "auth.permission", "pk": 43, "fields": {"name": "Can delete question", "content_type": 11, "codename": "delete_question"}}, {"model": "auth.permission", "pk": 44, "fields": {"name": "Can view question", "content_type": 11, "codename": "view_question"}}, {"model": "auth.permission", "pk": 45, "fields": {"name": "Can add option", "content_type": 12, "codename": "add_option"}}, {"model": "auth.permission", "pk": 46, "fields": {"name": "Can change option", "content_type": 12, "codename": "change_option"}}, {"model": "auth.permission", "pk": 47, "fields": {"name": "Can delete option", "content_type": 12, "codename": "delete_option"}}, {"model": "auth.permission", "pk": 48, "fields": {"name": "Can view option", "content_type": 12, "codename": "view_option"}}, {"model": "auth.permission", "pk": 49, "fields": {"name": "Can add match", "content_type": 13, "codename": "add_match"}}, {"model": "auth.permission", "pk": 50, "fields": {"name": "Can change match", "content_type": 13, "codename": "change_match"}}, {"model": "auth.permission", "pk": 51, "fields": {"name": "Can delete match", "content_type": 13, "codename": "delete_match"}}, {"model": "auth.permission", "pk": 52, "fields": {"name": "Can view match", "content_type": 13, "codename": "view_match"}}, {"model": "auth.permission", "pk": 53, "fields": {"name": "Can add keyword", "content_type": 14, "codename": "add_keyword"}}, {"model": "auth.permission", "pk": 54, "fields": {"name": "Can change keyword", "content_type": 14, "codename": "change_keyword"}}, {"model": "auth.permission", "pk": 55, "fields": {"name": "Can delete keyword", "content_type": 14, "codename": "delete_keyword"}}, {"model": "auth.permission", "pk": 56, "fields": {"name": "Can view keyword", "content_type": 14, "codename": "view_keyword"}}, {"model": "auth.permission", "pk": 57, "fields": {"name": "Can add vote", "content_type": 15, "codename": "add_vote"}}, {"model": "auth.permission", "pk": 58, "fields": {"name": "Can change vote", "content_type": 15, "codename": "change_vote"}}, {"model": "auth.permission", "pk": 59, "fields": {"name": "Can delete vote", "content_type": 15, "codename": "delete_vote"}}, {"model": "auth.permission", "pk": 60, "fields": {"name": "Can view vote", "content_type": 15, "codename": "view_vote"}}, {"model": "auth.permission", "pk": 61, "fields": {"name": "Can add paper", "content_type": 16, "codename": "add_paper"}}, {"model": "auth.permission", "pk": 62, "fields": {"name": "Can change paper", "content_type": 16, "codename": "change_paper"}}, {"model": "auth.permission", "pk": 63, "fields": {"name": "Can delete paper", "content_type": 16, "codename": "delete_paper"}}, {"model": "auth.permission", "pk": 64, "fields": {"name": "Can view paper", "content_type": 16, "codename": "view_paper"}}, {"model": "auth.permission", "pk": 65, "fields": {"name": "Can add question paper", "content_type": 17, "codename": "add_questionpaper"}}, {"model": "auth.permission", "pk": 66, "fields": {"name": "Can change question paper", "content_type": 17, "codename": "change_questionpaper"}}, {"model": "auth.permission", "pk": 67, "fields": {"name": "Can delete question paper", "content_type": 17, "codename": "delete_questionpaper"}}, {"model": "auth.permission", "pk": 68, "fields": {"name": "Can view question paper", "content_type": 17, "codename": "view_questionpaper"}}, {"model": "auth.permission", "pk": 69, "fields": {"name": "Can add file", "content_type": 18, "codename": "add_file"}}, {"model": "auth.permission", "pk": 70, "fields": {"name": "Can change file", "content_type": 18, "codename": "change_file"}}, {"model": "auth.permission", "pk": 71, "fields": {"name": "Can delete file", "content_type": 18, "codename": "delete_file"}}, {"model": "auth.permission", "pk": 72, "fields": {"name": "Can view file", "content_type": 18, "codename": "view_file"}}, {"model": "auth.permission", "pk": 73, "fields": {"name": "Can add url template", "content_type": 19, "codename": "add_urltemplate"}}, {"model": "auth.permission", "pk": 74, "fields": {"name": "Can change url template", "content_type": 19, "codename": "change_urltemplate"}}, {"model": "auth.permission", "pk": 75, "fields": {"name": "Can delete url template", "content_type": 19, "codename": "delete_urltemplate"}}, {"model": "auth.permission", "pk": 76, "fields": {"name": "Can view url template", "content_type": 19, "codename": "view_urltemplate"}}, {"model": "sessions.session", "pk": "e3tjvuidp8zkfhjukyod5t934shfg074", "fields": {"session_data": ".eJxVjMsOwiAQRf-FtSE4PAou3fcbyMAMUjU0Ke3K-O_apAvd3nPOfYmI21rj1nmJE4mLOIvT75YwP7jtgO7YbrPMc1uXKcldkQftcpyJn9fD_Tuo2Ou35kyq-OCd9mjBBATSSScYTA6GPRFrYwe2lph0QWCligMD3nMgAifeH-zSOBg:1oRUpj:qXJ0orsmxqthNg4X-sS7Teawo8rgm2RZ0H4VK_-22VQ", "expire_date": "2022-09-09T08:36:55.767Z"}}, {"model": "sessions.session", "pk": "qv3dhi3as2oru8c7one4pgt3p2dftic4", "fields": {"session_data": ".eJxVjMsOwiAQRf-FtSE4PAou3fcbyMAMUjU0Ke3K-O_apAvd3nPOfYmI21rj1nmJE4mLOIvT75YwP7jtgO7YbrPMc1uXKcldkQftcpyJn9fD_Tuo2Ou35kyq-OCd9mjBBATSSScYTA6GPRFrYwe2lph0QWCligMD3nMgAifeH-zSOBg:1oRSHW:U7QUYW3OGDhPy51-fKDN0CK9cXhzwR4oARvnaugFN9o", "expire_date": "2022-09-09T05:53:26.154Z"}}, {"model": "sessions.session", "pk": "qvp3704o9sqgi5a20nt6f1lcvk0np11o", "fields": {"session_data": ".eJxVjMsOwiAQRf-FtSHyHly67zeQAQapGkhKuzL-uzbpQrf3nHNfLOC21rANWsKc2YUJdvrdIqYHtR3kO7Zb56m3dZkj3xV-0MGnnul5Pdy_g4qjfusEWelMxSmypZD2UYJwYFQsiKQtyLMW2nqhsteCMDoCY6WzEdCZAuz9AfCrN8U:1oOhvV:rqXz010c6IPvK0Dt5dogVMuFvYj0wfVFiOLNNt_Ql7o", "expire_date": "2022-09-01T15:59:21.742Z"}}, {"model": "sessions.session", "pk": "uh7792ia9b8g9faut5zahbrj2gcm0mzd", "fields": {"session_data": ".eJxVjMsOwiAQRf-FtSE4PAou3fcbyMAMUjU0Ke3K-O_apAvd3nPOfYmI21rj1nmJE4mLOIvT75YwP7jtgO7YbrPMc1uXKcldkQftcpyJn9fD_Tuo2Ou35kyq-OCd9mjBBATSSScYTA6GPRFrYwe2lph0QWCligMD3nMgAifeH-zSOBg:1oRAd6:0ngQY7Ed4q3OTZHt22MPBGymzz_7nzGds6uo5QqXsBQ", "expire_date": "2022-09-08T11:02:32.411Z"}}, {"model": "token_blacklist.outstandingtoken", "pk": 1, "fields": {"user": 2, "jti": "a7ff89764d874c919335c0c1f240f6d8", "token": "eyJ0eXAiOiJKV1QiLCJhbGciOiJIUzI1NiJ9.eyJ0b2tlbl90eXBlIjoicmVmcmVzaCIsImV4cCI6MTY2MDkyMzU3NiwiaWF0IjoxNjYwODM3MTc2LCJqdGkiOiJhN2ZmODk3NjRkODc0YzkxOTMzNWMwYzFmMjQwZjZkOCIsInVzZXJfaWQiOjJ9.nvbn9RTszLl0COYAgbrpTxm_FbFGW8FR20sZdhLA-Es", "created_at": "2022-08-18T15:39:36.857Z", "expires_at": "2022-08-19T15:39:36Z"}}, {"model": "token_blacklist.outstandingtoken", "pk": 2, "fields": {"user": 2, "jti": "ad58e095bc4e420ba5becaa83b55dc2a", "token": "eyJ0eXAiOiJKV1QiLCJhbGciOiJIUzI1NiJ9.eyJ0b2tlbl90eXBlIjoicmVmcmVzaCIsImV4cCI6MTY2MDkyMzYyNSwiaWF0IjoxNjYwODM3MjI1LCJqdGkiOiJhZDU4ZTA5NWJjNGU0MjBiYTViZWNhYTgzYjU1ZGMyYSIsInVzZXJfaWQiOjJ9.AY4YAi5Ry87QLt0v31_YOHM5UWqmthi5ZnpMqHKCBSA", "created_at": "2022-08-18T15:40:25.225Z", "expires_at": "2022-08-19T15:40:25Z"}}, {"model": "token_blacklist.outstandingtoken", "pk": 3, "fields": {"user": 2, "jti": "63e38d44c9b74a1baf32aecd72e539cd", "token": "eyJ0eXAiOiJKV1QiLCJhbGciOiJIUzI1NiJ9.eyJ0b2tlbl90eXBlIjoicmVmcmVzaCIsImV4cCI6MTY2MDkyMzYyNSwiaWF0IjoxNjYwODM3MjI1LCJqdGkiOiI2M2UzOGQ0NGM5Yjc0YTFiYWYzMmFlY2Q3MmU1MzljZCIsInVzZXJfaWQiOjJ9.j9JKYdl7lFis9iogEmjJN3bWSTN_e3SBxo_TZ3rPUpg", "created_at": "2022-08-18T15:40:25.236Z", "expires_at": "2022-08-19T15:40:25Z"}}, {"model": "token_blacklist.outstandingtoken", "pk": 4, "fields": {"user": 3, "jti": "8f431849f1ba440ea212b3b101518bcd", "token": "eyJ0eXAiOiJKV1QiLCJhbGciOiJIUzI1NiJ9.eyJ0b2tlbl90eXBlIjoicmVmcmVzaCIsImV4cCI6MTY2MDkzMDUzNSwiaWF0IjoxNjYwODQ0MTM1LCJqdGkiOiI4ZjQzMTg0OWYxYmE0NDBlYTIxMmIzYjEwMTUxOGJjZCIsInVzZXJfaWQiOjN9.yyL4QQIhbWQphL0kV3EphjLsKkyOJER11MiTFdiWItQ", "created_at": "2022-08-18T17:35:35.346Z", "expires_at": "2022-08-19T17:35:35Z"}}, {"model": "token_blacklist.outstandingtoken", "pk": 5, "fields": {"user": 3, "jti": "725a092df94a4200adc3bff7ae4d4ce0", "token": "eyJ0eXAiOiJKV1QiLCJhbGciOiJIUzI1NiJ9.eyJ0b2tlbl90eXBlIjoicmVmcmVzaCIsImV4cCI6MTY2MDkzMDU3NSwiaWF0IjoxNjYwODQ0MTc1LCJqdGkiOiI3MjVhMDkyZGY5NGE0MjAwYWRjM2JmZjdhZTRkNGNlMCIsInVzZXJfaWQiOjN9.6hG5HHa3WGOhzRQGu_qOcoyd7IwRtKoqYVzVgG37r6s", "created_at": "2022-08-18T17:36:15.441Z", "expires_at": "2022-08-19T17:36:15Z"}}, {"model": "token_blacklist.outstandingtoken", "pk": 6, "fields": {"user": 3, "jti": "c0ead8a594ba4a51853a9212f769bc6a", "token": "eyJ0eXAiOiJKV1QiLCJhbGciOiJIUzI1NiJ9.eyJ0b2tlbl90eXBlIjoicmVmcmVzaCIsImV4cCI6MTY2MDkzMDU3NSwiaWF0IjoxNjYwODQ0MTc1LCJqdGkiOiJjMGVhZDhhNTk0YmE0YTUxODUzYTkyMTJmNzY5YmM2YSIsInVzZXJfaWQiOjN9.fVoeEVhjlpUokN82nHFFefrOIF3fgdPJyi3tPQlybsw", "created_at": "2022-08-18T17:36:15.452Z", "expires_at": "2022-08-19T17:36:15Z"}}, {"model": "token_blacklist.outstandingtoken", "pk": 7, "fields": {"user": 4, "jti": "81fa299f1869416cb8274f4895a51c6d", "token": "eyJ0eXAiOiJKV1QiLCJhbGciOiJIUzI1NiJ9.eyJ0b2tlbl90eXBlIjoicmVmcmVzaCIsImV4cCI6MTY2MDk2ODE0NCwiaWF0IjoxNjYwODgxNzQ0LCJqdGkiOiI4MWZhMjk5ZjE4Njk0MTZjYjgyNzRmNDg5NWE1MWM2ZCIsInVzZXJfaWQiOjR9.leCLLs_xywgU-9xKeC4FG20UQdNaopEOBzCrKFD0z2M", "created_at": "2022-08-19T04:02:24.636Z", "expires_at": "2022-08-20T04:02:24Z"}}, {"model": "token_blacklist.outstandingtoken", "pk": 8, "fields": {"user": 4, "jti": "bcff67bec18f4c438491230a326562f5", "token": "eyJ0eXAiOiJKV1QiLCJhbGciOiJIUzI1NiJ9.eyJ0b2tlbl90eXBlIjoicmVmcmVzaCIsImV4cCI6MTY2MDk2ODE2OSwiaWF0IjoxNjYwODgxNzY5LCJqdGkiOiJiY2ZmNjdiZWMxOGY0YzQzODQ5MTIzMGEzMjY1NjJmNSIsInVzZXJfaWQiOjR9.Ct_aIBNi8gsNbdkI0SEqXv2c2k_d3ielkaEvyHhtqlc", "created_at": "2022-08-19T04:02:49.370Z", "expires_at": "2022-08-20T04:02:49Z"}}, {"model": "token_blacklist.outstandingtoken", "pk": 9, "fields": {"user": 4, "jti": "6427c29b3828414485a2ae15d6e08211", "token": "eyJ0eXAiOiJKV1QiLCJhbGciOiJIUzI1NiJ9.eyJ0b2tlbl90eXBlIjoicmVmcmVzaCIsImV4cCI6MTY2MDk2ODE2OSwiaWF0IjoxNjYwODgxNzY5LCJqdGkiOiI2NDI3YzI5YjM4Mjg0MTQ0ODVhMmFlMTVkNmUwODIxMSIsInVzZXJfaWQiOjR9.RvOyarlxM_Smek5UvncOSIi4F5_fDxrapwaA7v8l8tY", "created_at": "2022-08-19T04:02:49.382Z", "expires_at": "2022-08-20T04:02:49Z"}}, {"model": "token_blacklist.outstandingtoken", "pk": 10, "fields": {"user": 5, "jti": "0f485d154e434ec68490e873d59382ba", "token": "eyJ0eXAiOiJKV1QiLCJhbGciOiJIUzI1NiJ9.eyJ0b2tlbl90eXBlIjoicmVmcmVzaCIsImV4cCI6MTY2MDk2ODY3MywiaWF0IjoxNjYwODgyMjczLCJqdGkiOiIwZjQ4NWQxNTRlNDM0ZWM2ODQ5MGU4NzNkNTkzODJiYSIsInVzZXJfaWQiOjV9.dnDWOhZo4mlTzc3ZoPTFni_96cSn4RTgGyq7u5q5kgE", "created_at": "2022-08-19T04:11:13.214Z", "expires_at": "2022-08-20T04:11:13Z"}}, {"model": "token_blacklist.outstandingtoken", "pk": 11, "fields": {"user": 5, "jti": "beb15e1b64ee413e9b9b437adb06cc7e", "token": "eyJ0eXAiOiJKV1QiLCJhbGciOiJIUzI1NiJ9.eyJ0b2tlbl90eXBlIjoicmVmcmVzaCIsImV4cCI6MTY2MDk2ODY5MywiaWF0IjoxNjYwODgyMjkzLCJqdGkiOiJiZWIxNWUxYjY0ZWU0MTNlOWI5YjQzN2FkYjA2Y2M3ZSIsInVzZXJfaWQiOjV9.pw8BLL2f-g4zWfNhw7Pm5qEmhw-5c6A8nrXifMMC4XI", "created_at": "2022-08-19T04:11:33.311Z", "expires_at": "2022-08-20T04:11:33Z"}}, {"model": "token_blacklist.outstandingtoken", "pk": 12, "fields": {"user": 5, "jti": "c10f0fee9aa24a92a5cad95f18efd870", "token": "eyJ0eXAiOiJKV1QiLCJhbGciOiJIUzI1NiJ9.eyJ0b2tlbl90eXBlIjoicmVmcmVzaCIsImV4cCI6MTY2MDk2ODY5MywiaWF0IjoxNjYwODgyMjkzLCJqdGkiOiJjMTBmMGZlZTlhYTI0YTkyYTVjYWQ5NWYxOGVmZDg3MCIsInVzZXJfaWQiOjV9.iXZktg4F74ACj3En51CMqNnj63ZQFLqAmNn9xjkqm8w", "created_at": "2022-08-19T04:11:33.322Z", "expires_at": "2022-08-20T04:11:33Z"}}, {"model": "token_blacklist.outstandingtoken", "pk": 13, "fields": {"user": 6, "jti": "617bc689695b4499b9b3170882c13ef4", "token": "eyJ0eXAiOiJKV1QiLCJhbGciOiJIUzI1NiJ9.eyJ0b2tlbl90eXBlIjoicmVmcmVzaCIsImV4cCI6MTY2MDk2OTQzOCwiaWF0IjoxNjYwODgzMDM4LCJqdGkiOiI2MTdiYzY4OTY5NWI0NDk5YjliMzE3MDg4MmMxM2VmNCIsInVzZXJfaWQiOjZ9.rjnb8jhQ4aQYI8zU-J1Qiihod2X0CLp9LSnYWOeOwEs", "created_at": "2022-08-19T04:23:58.481Z", "expires_at": "2022-08-20T04:23:58Z"}}, {"model": "token_blacklist.outstandingtoken", "pk": 14, "fields": {"user": 6, "jti": "f3975ec3374842e49b8288e956c35ce0", "token": "eyJ0eXAiOiJKV1QiLCJhbGciOiJIUzI1NiJ9.eyJ0b2tlbl90eXBlIjoicmVmcmVzaCIsImV4cCI6MTY2MDk2OTQ2MCwiaWF0IjoxNjYwODgzMDYwLCJqdGkiOiJmMzk3NWVjMzM3NDg0MmU0OWI4Mjg4ZTk1NmMzNWNlMCIsInVzZXJfaWQiOjZ9.8w8WV-XcIl_8pP8oIdLznAYzvhftjQhWp86LmYGLAx0", "created_at": "2022-08-19T04:24:20.719Z", "expires_at": "2022-08-20T04:24:20Z"}}, {"model": "token_blacklist.outstandingtoken", "pk": 15, "fields": {"user": 6, "jti": "407a7c4f0743426089191d2ffd929a4c", "token": "eyJ0eXAiOiJKV1QiLCJhbGciOiJIUzI1NiJ9.eyJ0b2tlbl90eXBlIjoicmVmcmVzaCIsImV4cCI6MTY2MDk2OTQ2MCwiaWF0IjoxNjYwODgzMDYwLCJqdGkiOiI0MDdhN2M0ZjA3NDM0MjYwODkxOTFkMmZmZDkyOWE0YyIsInVzZXJfaWQiOjZ9.o5d45SRmc9LNBgZNllwizjkje67mMDMeWLnCRpQ3jbU", "created_at": "2022-08-19T04:24:20.730Z", "expires_at": "2022-08-20T04:24:20Z"}}, {"model": "token_blacklist.outstandingtoken", "pk": 16, "fields": {"user": 7, "jti": "de1fc5ab2871496691040683ecdc0f44", "token": "eyJ0eXAiOiJKV1QiLCJhbGciOiJIUzI1NiJ9.eyJ0b2tlbl90eXBlIjoicmVmcmVzaCIsImV4cCI6MTY2MDk3MzQ2NywiaWF0IjoxNjYwODg3MDY3LCJqdGkiOiJkZTFmYzVhYjI4NzE0OTY2OTEwNDA2ODNlY2RjMGY0NCIsInVzZXJfaWQiOjd9.T5QHcGbSRNTWCp-2OsUQ0f_tOu6sqwC_xa83q0iNM6Y", "created_at": "2022-08-19T05:31:07.648Z", "expires_at": "2022-08-20T05:31:07Z"}}, {"model": "token_blacklist.outstandingtoken", "pk": 17, "fields": {"user": 7, "jti": "812b6d9baf394e1fab0aa36d9ad6cea9", "token": "eyJ0eXAiOiJKV1QiLCJhbGciOiJIUzI1NiJ9.eyJ0b2tlbl90eXBlIjoicmVmcmVzaCIsImV4cCI6MTY2MDk3MzUxNCwiaWF0IjoxNjYwODg3MTE0LCJqdGkiOiI4MTJiNmQ5YmFmMzk0ZTFmYWIwYWEzNmQ5YWQ2Y2VhOSIsInVzZXJfaWQiOjd9.o8eKQTWmjFdsAAACa_BGqiTz3MF20CgFviuQ0N5eK5M", "created_at": "2022-08-19T05:31:54.630Z", "expires_at": "2022-08-20T05:31:54Z"}}, {"model": "token_blacklist.outstandingtoken", "pk": 18, "fields": {"user": 7, "jti": "a2c131b1fa3c44b6bdb367ffcbc72205", "token": "eyJ0eXAiOiJKV1QiLCJhbGciOiJIUzI1NiJ9.eyJ0b2tlbl90eXBlIjoicmVmcmVzaCIsImV4cCI6MTY2MDk3MzUxNCwiaWF0IjoxNjYwODg3MTE0LCJqdGkiOiJhMmMxMzFiMWZhM2M0NGI2YmRiMzY3ZmZjYmM3MjIwNSIsInVzZXJfaWQiOjd9.RP7dLuUX_PIJCeNC86pm_WD6JrXa7dXpfV7tV_qqdg0", "created_at": "2022-08-19T05:31:54.641Z", "expires_at": "2022-08-20T05:31:54Z"}}, {"model": "token_blacklist.outstandingtoken", "pk": 19, "fields": {"user": 8, "jti": "8e5c9a13f006432bbc8e7a80a6ee3a32", "token": "eyJ0eXAiOiJKV1QiLCJhbGciOiJIUzI1NiJ9.eyJ0b2tlbl90eXBlIjoicmVmcmVzaCIsImV4cCI6MTY2MDk3NDI4OCwiaWF0IjoxNjYwODg3ODg4LCJqdGkiOiI4ZTVjOWExM2YwMDY0MzJiYmM4ZTdhODBhNmVlM2EzMiIsInVzZXJfaWQiOjh9.qRxD-Skfu4c80ssnTZEkbQ8rvk-vVLrLEMhT8lOcVtA", "created_at": "2022-08-19T05:44:48.640Z", "expires_at": "2022-08-20T05:44:48Z"}}, {"model": "token_blacklist.outstandingtoken", "pk": 20, "fields": {"user": 8, "jti": "d2e75ff15dfd45caacf7053f5e1f573e", "token": "eyJ0eXAiOiJKV1QiLCJhbGciOiJIUzI1NiJ9.eyJ0b2tlbl90eXBlIjoicmVmcmVzaCIsImV4cCI6MTY2MDk3NDMxOSwiaWF0IjoxNjYwODg3OTE5LCJqdGkiOiJkMmU3NWZmMTVkZmQ0NWNhYWNmNzA1M2Y1ZTFmNTczZSIsInVzZXJfaWQiOjh9.E9iheYrLN_EMEGfxcRt-9wxTtH9C5RWUexXu0lujGZg", "created_at": "2022-08-19T05:45:19.568Z", "expires_at": "2022-08-20T05:45:19Z"}}, {"model": "token_blacklist.outstandingtoken", "pk": 21, "fields": {"user": 8, "jti": "de1e107c65ed4e169a1d1c9d791944cf", "token": "eyJ0eXAiOiJKV1QiLCJhbGciOiJIUzI1NiJ9.eyJ0b2tlbl90eXBlIjoicmVmcmVzaCIsImV4cCI6MTY2MDk3NDMxOSwiaWF0IjoxNjYwODg3OTE5LCJqdGkiOiJkZTFlMTA3YzY1ZWQ0ZTE2OWExZDFjOWQ3OTE5NDRjZiIsInVzZXJfaWQiOjh9.vCJ3jQj0tZs_QbA9NVZkZHUTnR1EYMyWBFsqDQQyBoY", "created_at": "2022-08-19T05:45:19.580Z", "expires_at": "2022-08-20T05:45:19Z"}}, {"model": "token_blacklist.outstandingtoken", "pk": 22, "fields": {"user": 9, "jti": "5802133cec5b4c26b49f987ef7d95b18", "token": "eyJ0eXAiOiJKV1QiLCJhbGciOiJIUzI1NiJ9.eyJ0b2tlbl90eXBlIjoicmVmcmVzaCIsImV4cCI6MTY2MDk3NDg4MCwiaWF0IjoxNjYwODg4NDgwLCJqdGkiOiI1ODAyMTMzY2VjNWI0YzI2YjQ5Zjk4N2VmN2Q5NWIxOCIsInVzZXJfaWQiOjl9.BIiPGgoW3OAzcCaTMFr2Fl_FFD2KS3YxKyyHQcYIKnc", "created_at": "2022-08-19T05:54:40.758Z", "expires_at": "2022-08-20T05:54:40Z"}}, {"model": "token_blacklist.outstandingtoken", "pk": 23, "fields": {"user": 9, "jti": "87b3a69bdd4c4a29922faaad3cf21a35", "token": "eyJ0eXAiOiJKV1QiLCJhbGciOiJIUzI1NiJ9.eyJ0b2tlbl90eXBlIjoicmVmcmVzaCIsImV4cCI6MTY2MDk3NDk5MSwiaWF0IjoxNjYwODg4NTkxLCJqdGkiOiI4N2IzYTY5YmRkNGM0YTI5OTIyZmFhYWQzY2YyMWEzNSIsInVzZXJfaWQiOjl9.vmdE7McFoScXnxm1PgiQMqdcVsLDr4PMzgHm-M1zgqk", "created_at": "2022-08-19T05:56:31.883Z", "expires_at": "2022-08-20T05:56:31Z"}}, {"model": "token_blacklist.outstandingtoken", "pk": 24, "fields": {"user": 9, "jti": "7f042e5b9bc444a09d0e2d887faabde4", "token": "eyJ0eXAiOiJKV1QiLCJhbGciOiJIUzI1NiJ9.eyJ0b2tlbl90eXBlIjoicmVmcmVzaCIsImV4cCI6MTY2MDk3NDk5MSwiaWF0IjoxNjYwODg4NTkxLCJqdGkiOiI3ZjA0MmU1YjliYzQ0NGEwOWQwZTJkODg3ZmFhYmRlNCIsInVzZXJfaWQiOjl9.xSb191cIwYWtnZf16swRjdSO3VHpiPUbFMQvQYTIqLA", "created_at": "2022-08-19T05:56:31.895Z", "expires_at": "2022-08-20T05:56:31Z"}}, {"model": "token_blacklist.outstandingtoken", "pk": 25, "fields": {"user": 2, "jti": "597914bb675448498bc098bb041614e9", "token": "eyJ0eXAiOiJKV1QiLCJhbGciOiJIUzI1NiJ9.eyJ0b2tlbl90eXBlIjoicmVmcmVzaCIsImV4cCI6MTY2MDk4MDczMiwiaWF0IjoxNjYwODk0MzMyLCJqdGkiOiI1OTc5MTRiYjY3NTQ0ODQ5OGJjMDk4YmIwNDE2MTRlOSIsInVzZXJfaWQiOjJ9.nuwzjJvumUXUsqjnc-0sR28Xmgv5Ml1RiP7IQYHQV1c", "created_at": "2022-08-19T07:32:12.250Z", "expires_at": "2022-08-20T07:32:12Z"}}, {"model": "token_blacklist.outstandingtoken", "pk": 26, "fields": {"user": 2, "jti": "f07ed447044f471d83eb76bd7db2f0f8", "token": "eyJ0eXAiOiJKV1QiLCJhbGciOiJIUzI1NiJ9.eyJ0b2tlbl90eXBlIjoicmVmcmVzaCIsImV4cCI6MTY2MDk4MDczMiwiaWF0IjoxNjYwODk0MzMyLCJqdGkiOiJmMDdlZDQ0NzA0NGY0NzFkODNlYjc2YmQ3ZGIyZjBmOCIsInVzZXJfaWQiOjJ9.FYCY8HZqMfAz6BUblTr1-UUku1CBWR_lxjVJVNrXYSA", "created_at": "2022-08-19T07:32:12.268Z", "expires_at": "2022-08-20T07:32:12Z"}}, {"model": "token_blacklist.outstandingtoken", "pk": 27, "fields": {"user": 3, "jti": "40dc24c5db2943639805e24166977d1c", "token": "eyJ0eXAiOiJKV1QiLCJhbGciOiJIUzI1NiJ9.eyJ0b2tlbl90eXBlIjoicmVmcmVzaCIsImV4cCI6MTY2MDk4MTEyMSwiaWF0IjoxNjYwODk0NzIxLCJqdGkiOiI0MGRjMjRjNWRiMjk0MzYzOTgwNWUyNDE2Njk3N2QxYyIsInVzZXJfaWQiOjN9.KUqV51dOSscby0Xn4tKM5IbEsqc6UVrtT5wcrnE60Lg", "created_at": "2022-08-19T07:38:41.921Z", "expires_at": "2022-08-20T07:38:41Z"}}, {"model": "token_blacklist.outstandingtoken", "pk": 28, "fields": {"user": 3, "jti": "dbab8744ac914dd0b2465468ecc5a6b4", "token": "eyJ0eXAiOiJKV1QiLCJhbGciOiJIUzI1NiJ9.eyJ0b2tlbl90eXBlIjoicmVmcmVzaCIsImV4cCI6MTY2MDk4MTEyMSwiaWF0IjoxNjYwODk0NzIxLCJqdGkiOiJkYmFiODc0NGFjOTE0ZGQwYjI0NjU0NjhlY2M1YTZiNCIsInVzZXJfaWQiOjN9.3Zp0iA8ln1Q_EJ6L1OkcomA7fKSALimrietvl-nwFKk", "created_at": "2022-08-19T07:38:41.930Z", "expires_at": "2022-08-20T07:38:41Z"}}, {"model": "token_blacklist.outstandingtoken", "pk": 29, "fields": {"user": 6, "jti": "81561f962b7341ad8364c9e523f65ddd", "token": "eyJ0eXAiOiJKV1QiLCJhbGciOiJIUzI1NiJ9.eyJ0b2tlbl90eXBlIjoicmVmcmVzaCIsImV4cCI6MTY2MTQzOTMxMCwiaWF0IjoxNjYxMzUyOTEwLCJqdGkiOiI4MTU2MWY5NjJiNzM0MWFkODM2NGM5ZTUyM2Y2NWRkZCIsInVzZXJfaWQiOjZ9.S3lsYO8gWVhAsSm-ROPieEGOIYDUIsop8YO2SKa8dOE", "created_at": "2022-08-24T14:55:10.992Z", "expires_at": "2022-08-25T14:55:10Z"}}, {"model": "token_blacklist.outstandingtoken", "pk": 30, "fields": {"user": 6, "jti": "e0ba81f8e6c54937b7d5acfe15aa1383", "token": "eyJ0eXAiOiJKV1QiLCJhbGciOiJIUzI1NiJ9.eyJ0b2tlbl90eXBlIjoicmVmcmVzaCIsImV4cCI6MTY2MTQzOTMxMSwiaWF0IjoxNjYxMzUyOTExLCJqdGkiOiJlMGJhODFmOGU2YzU0OTM3YjdkNWFjZmUxNWFhMTM4MyIsInVzZXJfaWQiOjZ9.G0SpmKRIwiku6dPoT9mJzZleGb53JoJ3YWR55TlXpNg", "created_at": "2022-08-24T14:55:11.003Z", "expires_at": "2022-08-25T14:55:11Z"}}, {"model": "token_blacklist.outstandingtoken", "pk": 31, "fields": {"user": 6, "jti": "84d3622d67834debabc056bd62884ba6", "token": "eyJ0eXAiOiJKV1QiLCJhbGciOiJIUzI1NiJ9.eyJ0b2tlbl90eXBlIjoicmVmcmVzaCIsImV4cCI6MTY2MTQ4OTk1OCwiaWF0IjoxNjYxNDAzNTU4LCJqdGkiOiI4NGQzNjIyZDY3ODM0ZGViYWJjMDU2YmQ2Mjg4NGJhNiIsInVzZXJfaWQiOjZ9.lMLLjHOCQLhPGwsKSI5gxOhL9RGatSLXR8ZzcwxyhF8", "created_at": "2022-08-25T04:59:18.728Z", "expires_at": "2022-08-26T04:59:18Z"}}, {"model": "token_blacklist.outstandingtoken", "pk": 32, "fields": {"user": 6, "jti": "acb652c0989e40f78fe1114e39397578", "token": "eyJ0eXAiOiJKV1QiLCJhbGciOiJIUzI1NiJ9.eyJ0b2tlbl90eXBlIjoicmVmcmVzaCIsImV4cCI6MTY2MTQ4OTk1OCwiaWF0IjoxNjYxNDAzNTU4LCJqdGkiOiJhY2I2NTJjMDk4OWU0MGY3OGZlMTExNGUzOTM5NzU3OCIsInVzZXJfaWQiOjZ9.lDoS-V0g6OATrBqbDpjeGx3Ke2wstPKTdNqK620WXHw", "created_at": "2022-08-25T04:59:18.737Z", "expires_at": "2022-08-26T04:59:18Z"}}, {"model": "token_blacklist.outstandingtoken", "pk": 33, "fields": {"user": 6, "jti": "64ad791354f34233bb26b4b0aafc4e99", "token": "eyJ0eXAiOiJKV1QiLCJhbGciOiJIUzI1NiJ9.eyJ0b2tlbl90eXBlIjoicmVmcmVzaCIsImV4cCI6MTY2MTQ5MDA2MCwiaWF0IjoxNjYxNDAzNjYwLCJqdGkiOiI2NGFkNzkxMzU0ZjM0MjMzYmIyNmI0YjBhYWZjNGU5OSIsInVzZXJfaWQiOjZ9.S-DFSQzDZis65iCskybru1QsXDaCIpdLD1g2QSB68Co", "created_at": "2022-08-25T05:01:00.915Z", "expires_at": "2022-08-26T05:01:00Z"}}, {"model": "token_blacklist.outstandingtoken", "pk": 34, "fields": {"user": 6, "jti": "5add66b86e214e3981096bf5a6301cfd", "token": "eyJ0eXAiOiJKV1QiLCJhbGciOiJIUzI1NiJ9.eyJ0b2tlbl90eXBlIjoicmVmcmVzaCIsImV4cCI6MTY2MTQ5MDA2MCwiaWF0IjoxNjYxNDAzNjYwLCJqdGkiOiI1YWRkNjZiODZlMjE0ZTM5ODEwOTZiZjVhNjMwMWNmZCIsInVzZXJfaWQiOjZ9.fvtGj3L4VTaYvU3GfdMFlL56YPzDWmP5AD5kyBuZGTw", "created_at": "2022-08-25T05:01:00.922Z", "expires_at": "2022-08-26T05:01:00Z"}}, {"model": "token_blacklist.outstandingtoken", "pk": 35, "fields": {"user": 2, "jti": "37b7db48085c40b385b8e5cb4d7b055c", "token": "eyJ0eXAiOiJKV1QiLCJhbGciOiJIUzI1NiJ9.eyJ0b2tlbl90eXBlIjoicmVmcmVzaCIsImV4cCI6MTY2MTQ5MTE2NiwiaWF0IjoxNjYxNDA0NzY2LCJqdGkiOiIzN2I3ZGI0ODA4NWM0MGIzODViOGU1Y2I0ZDdiMDU1YyIsInVzZXJfaWQiOjJ9.M05_PTxMTR51G6vk1RNGEeKQq35aD9QKA5M6rR6sqyM", "created_at": "2022-08-25T05:19:26.292Z", "expires_at": "2022-08-26T05:19:26Z"}}, {"model": "token_blacklist.outstandingtoken", "pk": 36, "fields": {"user": 2, "jti": "c87cc105b9134b3a9a81b15cd54d4675", "token": "eyJ0eXAiOiJKV1QiLCJhbGciOiJIUzI1NiJ9.eyJ0b2tlbl90eXBlIjoicmVmcmVzaCIsImV4cCI6MTY2MTQ5MTE2NiwiaWF0IjoxNjYxNDA0NzY2LCJqdGkiOiJjODdjYzEwNWI5MTM0YjNhOWE4MWIxNWNkNTRkNDY3NSIsInVzZXJfaWQiOjJ9.i6poJEDOwoIlbOSlIuUAjfFFEjTwkCoeYVfUGXZGF0k", "created_at": "2022-08-25T05:19:26.298Z", "expires_at": "2022-08-26T05:19:26Z"}}, {"model": "token_blacklist.outstandingtoken", "pk": 37, "fields": {"user": 6, "jti": "7eb0fb5c6fb44e278ec38b24b9845fe6", "token": "eyJ0eXAiOiJKV1QiLCJhbGciOiJIUzI1NiJ9.eyJ0b2tlbl90eXBlIjoicmVmcmVzaCIsImV4cCI6MTY2MTUxMTUzNiwiaWF0IjoxNjYxNDI1MTM2LCJqdGkiOiI3ZWIwZmI1YzZmYjQ0ZTI3OGVjMzhiMjRiOTg0NWZlNiIsInVzZXJfaWQiOjZ9.hFkDwE9HVU3Eoa90BZ-Q6DWttsTEycpLHxAPnahDO1g", "created_at": "2022-08-25T10:58:56.586Z", "expires_at": "2022-08-26T10:58:56Z"}}, {"model": "token_blacklist.outstandingtoken", "pk": 38, "fields": {"user": 6, "jti": "e12f3ba7f89f41648f374cf180da6652", "token": "eyJ0eXAiOiJKV1QiLCJhbGciOiJIUzI1NiJ9.eyJ0b2tlbl90eXBlIjoicmVmcmVzaCIsImV4cCI6MTY2MTUxMTUzNiwiaWF0IjoxNjYxNDI1MTM2LCJqdGkiOiJlMTJmM2JhN2Y4OWY0MTY0OGYzNzRjZjE4MGRhNjY1MiIsInVzZXJfaWQiOjZ9.YMg4Wv-frI8a7NF9tHQT78G1BToME30fbq3Jt8SPj1E", "created_at": "2022-08-25T10:58:56.598Z", "expires_at": "2022-08-26T10:58:56Z"}}, {"model": "token_blacklist.outstandingtoken", "pk": 39, "fields": {"user": 2, "jti": "346d850fb09c41dc8bca644e0d60a007", "token": "eyJ0eXAiOiJKV1QiLCJhbGciOiJIUzI1NiJ9.eyJ0b2tlbl90eXBlIjoicmVmcmVzaCIsImV4cCI6MTY2MTUxMTU2NSwiaWF0IjoxNjYxNDI1MTY1LCJqdGkiOiIzNDZkODUwZmIwOWM0MWRjOGJjYTY0NGUwZDYwYTAwNyIsInVzZXJfaWQiOjJ9.5PDysOUxvcPpGI5eKZGD4rnNYajWcuQpAe7hyrzchyA", "created_at": "2022-08-25T10:59:25.383Z", "expires_at": "2022-08-26T10:59:25Z"}}, {"model": "token_blacklist.outstandingtoken", "pk": 40, "fields": {"user": 2, "jti": "586ecd58556548fe9070925fd9798e64", "token": "eyJ0eXAiOiJKV1QiLCJhbGciOiJIUzI1NiJ9.eyJ0b2tlbl90eXBlIjoicmVmcmVzaCIsImV4cCI6MTY2MTUxMTU2NSwiaWF0IjoxNjYxNDI1MTY1LCJqdGkiOiI1ODZlY2Q1ODU1NjU0OGZlOTA3MDkyNWZkOTc5OGU2NCIsInVzZXJfaWQiOjJ9.kr5jd_DUMqPgfO-EZJkyXEu4Z83YTOyIFQVF9G1EMPk", "created_at": "2022-08-25T10:59:25.389Z", "expires_at": "2022-08-26T10:59:25Z"}}, {"model": "token_blacklist.outstandingtoken", "pk": 41, "fields": {"user": 2, "jti": "6e1ada591b654c5d889073f999857cca", "token": "eyJ0eXAiOiJKV1QiLCJhbGciOiJIUzI1NiJ9.eyJ0b2tlbl90eXBlIjoicmVmcmVzaCIsImV4cCI6MTY2MTUxNTkyNSwiaWF0IjoxNjYxNDI5NTI1LCJqdGkiOiI2ZTFhZGE1OTFiNjU0YzVkODg5MDczZjk5OTg1N2NjYSIsInVzZXJfaWQiOjJ9.K8mISJUxQm2Bj7B4fK6nVwA63bVlTi655WqL5B37Eow", "created_at": "2022-08-25T12:12:05.168Z", "expires_at": "2022-08-26T12:12:05Z"}}, {"model": "token_blacklist.outstandingtoken", "pk": 42, "fields": {"user": 2, "jti": "9e67bdda08f940e08957bedafaaad151", "token": "eyJ0eXAiOiJKV1QiLCJhbGciOiJIUzI1NiJ9.eyJ0b2tlbl90eXBlIjoicmVmcmVzaCIsImV4cCI6MTY2MTUxNTkyNSwiaWF0IjoxNjYxNDI5NTI1LCJqdGkiOiI5ZTY3YmRkYTA4Zjk0MGUwODk1N2JlZGFmYWFhZDE1MSIsInVzZXJfaWQiOjJ9.kokvvAry0JNVK9J3Kr-R4h_Py3HkTTEFC5x_x_ppOlw", "created_at": "2022-08-25T12:12:05.176Z", "expires_at": "2022-08-26T12:12:05Z"}}, {"model": "token_blacklist.outstandingtoken", "pk": 43, "fields": {"user": 2, "jti": "880b5604eb674aa39d02d1684c68fec9", "token": "eyJ0eXAiOiJKV1QiLCJhbGciOiJIUzI1NiJ9.eyJ0b2tlbl90eXBlIjoicmVmcmVzaCIsImV4cCI6MTY2MTUxODcxOSwiaWF0IjoxNjYxNDMyMzE5LCJqdGkiOiI4ODBiNTYwNGViNjc0YWEzOWQwMmQxNjg0YzY4ZmVjOSIsInVzZXJfaWQiOjJ9.0OQ4oz77dqill4V0nzNJ0ZdoDxqdET8LxAtxl1KzbDA", "created_at": "2022-08-25T12:58:39.935Z", "expires_at": "2022-08-26T12:58:39Z"}}, {"model": "token_blacklist.outstandingtoken", "pk": 44, "fields": {"user": 2, "jti": "ca63d9ae3c87469c9c34d1bc95341b9a", "token": "eyJ0eXAiOiJKV1QiLCJhbGciOiJIUzI1NiJ9.eyJ0b2tlbl90eXBlIjoicmVmcmVzaCIsImV4cCI6MTY2MTUxODcxOSwiaWF0IjoxNjYxNDMyMzE5LCJqdGkiOiJjYTYzZDlhZTNjODc0NjljOWMzNGQxYmM5NTM0MWI5YSIsInVzZXJfaWQiOjJ9.nqEpM209hU2CIV9kSV9JcxkdTnQGaaRNhGQksLKnEOM", "created_at": "2022-08-25T12:58:39.945Z", "expires_at": "2022-08-26T12:58:39Z"}}, {"model": "token_blacklist.outstandingtoken", "pk": 45, "fields": {"user": 2, "jti": "0e5b8a26f1fb4f2e9e366c1be0f81175", "token": "eyJ0eXAiOiJKV1QiLCJhbGciOiJIUzI1NiJ9.eyJ0b2tlbl90eXBlIjoicmVmcmVzaCIsImV4cCI6MTY2MTUzMDcwMCwiaWF0IjoxNjYxNDQ0MzAwLCJqdGkiOiIwZTViOGEyNmYxZmI0ZjJlOWUzNjZjMWJlMGY4MTE3NSIsInVzZXJfaWQiOjJ9.DLdL9Lm_Wqdli9tjQms26BxmuT4b-WMIyG2iUHXP4bE", "created_at": "2022-08-25T16:18:20.929Z", "expires_at": "2022-08-26T16:18:20Z"}}, {"model": "token_blacklist.outstandingtoken", "pk": 46, "fields": {"user": 2, "jti": "b005e18307fd4db79f4553ae3b5cfb53", "token": "eyJ0eXAiOiJKV1QiLCJhbGciOiJIUzI1NiJ9.eyJ0b2tlbl90eXBlIjoicmVmcmVzaCIsImV4cCI6MTY2MTUzMDcwMCwiaWF0IjoxNjYxNDQ0MzAwLCJqdGkiOiJiMDA1ZTE4MzA3ZmQ0ZGI3OWY0NTUzYWUzYjVjZmI1MyIsInVzZXJfaWQiOjJ9.sd-PHlCvk9VZdbw9Ka9xF7nTFvO6zyQ-wn5ka9ApiRw", "created_at": "2022-08-25T16:18:20.938Z", "expires_at": "2022-08-26T16:18:20Z"}}, {"model": "token_blacklist.outstandingtoken", "pk": 47, "fields": {"user": 2, "jti": "348f8a1572274d408abe6cfc4e0fc49f", "token": "eyJ0eXAiOiJKV1QiLCJhbGciOiJIUzI1NiJ9.eyJ0b2tlbl90eXBlIjoicmVmcmVzaCIsImV4cCI6MTY2MTU4MDExNSwiaWF0IjoxNjYxNDkzNzE1LCJqdGkiOiIzNDhmOGExNTcyMjc0ZDQwOGFiZTZjZmM0ZTBmYzQ5ZiIsInVzZXJfaWQiOjJ9.iTQwStCF8qxh7d8g3euEWz5msTHAp_xPbBZKVvWGn-s", "created_at": "2022-08-26T06:01:55.899Z", "expires_at": "2022-08-27T06:01:55Z"}}, {"model": "token_blacklist.outstandingtoken", "pk": 48, "fields": {"user": 2, "jti": "d951982075f74838bd518b62a5314daf", "token": "eyJ0eXAiOiJKV1QiLCJhbGciOiJIUzI1NiJ9.eyJ0b2tlbl90eXBlIjoicmVmcmVzaCIsImV4cCI6MTY2MTU4MDExNSwiaWF0IjoxNjYxNDkzNzE1LCJqdGkiOiJkOTUxOTgyMDc1Zjc0ODM4YmQ1MThiNjJhNTMxNGRhZiIsInVzZXJfaWQiOjJ9.ci4LeQzrbG73l1-Umv200COm7NEBc4qkVUegH2VC42Y", "created_at": "2022-08-26T06:01:55.906Z", "expires_at": "2022-08-27T06:01:55Z"}}, {"model": "token_blacklist.outstandingtoken", "pk": 49, "fields": {"user": 2, "jti": "4c16f12dd34f4110a8385fd1832082b2", "token": "eyJ0eXAiOiJKV1QiLCJhbGciOiJIUzI1NiJ9.eyJ0b2tlbl90eXBlIjoicmVmcmVzaCIsImV4cCI6MTY2MTU4NDE1OCwiaWF0IjoxNjYxNDk3NzU4LCJqdGkiOiI0YzE2ZjEyZGQzNGY0MTEwYTgzODVmZDE4MzIwODJiMiIsInVzZXJfaWQiOjJ9.kUGUjoHZNKI1OluKgh23zzBu2AgpRyW9K1L6KDx-dII", "created_at": "2022-08-26T07:09:18.860Z", "expires_at": "2022-08-27T07:09:18Z"}}, {"model": "token_blacklist.outstandingtoken", "pk": 50, "fields": {"user": 2, "jti": "a0b55bf1d6344d8b998265752a29295c", "token": "eyJ0eXAiOiJKV1QiLCJhbGciOiJIUzI1NiJ9.eyJ0b2tlbl90eXBlIjoicmVmcmVzaCIsImV4cCI6MTY2MTU4NDE1OCwiaWF0IjoxNjYxNDk3NzU4LCJqdGkiOiJhMGI1NWJmMWQ2MzQ0ZDhiOTk4MjY1NzUyYTI5Mjk1YyIsInVzZXJfaWQiOjJ9.CqWUoY-hrPX_CPy5zLiKsDzInXbE9a80Rqrxl41lrts", "created_at": "2022-08-26T07:09:18.868Z", "expires_at": "2022-08-27T07:09:18Z"}}, {"model": "token_blacklist.outstandingtoken", "pk": 51, "fields": {"user": 2, "jti": "cd8a3ecf373041b3961aeb01d9ddd23a", "token": "eyJ0eXAiOiJKV1QiLCJhbGciOiJIUzI1NiJ9.eyJ0b2tlbl90eXBlIjoicmVmcmVzaCIsImV4cCI6MTY2MTU4OTM1MiwiaWF0IjoxNjYxNTAyOTUyLCJqdGkiOiJjZDhhM2VjZjM3MzA0MWIzOTYxYWViMDFkOWRkZDIzYSIsInVzZXJfaWQiOjJ9.7W41TNz8KXbgnagR794IOOKxiWOcWpMU9rjj1enK1qY", "created_at": "2022-08-26T08:35:52.315Z", "expires_at": "2022-08-27T08:35:52Z"}}, {"model": "token_blacklist.outstandingtoken", "pk": 52, "fields": {"user": 2, "jti": "6b2a4ab8b53745cc8bc2c757a1218448", "token": "eyJ0eXAiOiJKV1QiLCJhbGciOiJIUzI1NiJ9.eyJ0b2tlbl90eXBlIjoicmVmcmVzaCIsImV4cCI6MTY2MTU4OTM1MiwiaWF0IjoxNjYxNTAyOTUyLCJqdGkiOiI2YjJhNGFiOGI1Mzc0NWNjOGJjMmM3NTdhMTIxODQ0OCIsInVzZXJfaWQiOjJ9.wif9tC14mNm0s9LGfyNhmBKd4qNWxH-dwsT8deqQhv8", "created_at": "2022-08-26T08:35:52.324Z", "expires_at": "2022-08-27T08:35:52Z"}}, {"model": "token_blacklist.blacklistedtoken", "pk": 1, "fields": {"token": 3, "blacklisted_at": "2022-08-18T17:19:58.994Z"}}, {"model": "token_blacklist.blacklistedtoken", "pk": 2, "fields": {"token": 6, "blacklisted_at": "2022-08-18T18:59:07.784Z"}}, {"model": "token_blacklist.blacklistedtoken", "pk": 3, "fields": {"token": 9, "blacklisted_at": "2022-08-19T04:10:09.559Z"}}, {"model": "token_blacklist.blacklistedtoken", "pk": 4, "fields": {"token": 12, "blacklisted_at": "2022-08-19T04:20:10.025Z"}}, {"model": "token_blacklist.blacklistedtoken", "pk": 5, "fields": {"token": 15, "blacklisted_at": "2022-08-19T05:26:19.015Z"}}, {"model": "token_blacklist.blacklistedtoken", "pk": 6, "fields": {"token": 18, "blacklisted_at": "2022-08-19T05:43:36.517Z"}}, {"model": "token_blacklist.blacklistedtoken", "pk": 7, "fields": {"token": 21, "blacklisted_at": "2022-08-19T05:53:34.967Z"}}, {"model": "token_blacklist.blacklistedtoken", "pk": 8, "fields": {"token": 24, "blacklisted_at": "2022-08-19T06:09:24.996Z"}}, {"model": "token_blacklist.blacklistedtoken", "pk": 9, "fields": {"token": 26, "blacklisted_at": "2022-08-19T07:38:31.101Z"}}, {"model": "token_blacklist.blacklistedtoken", "pk": 10, "fields": {"token": 28, "blacklisted_at": "2022-08-19T07:43:49.420Z"}}, {"model": "token_blacklist.blacklistedtoken", "pk": 11, "fields": {"token": 30, "blacklisted_at": "2022-08-24T14:56:22.937Z"}}, {"model": "token_blacklist.blacklistedtoken", "pk": 12, "fields": {"token": 34, "blacklisted_at": "2022-08-25T05:18:57.539Z"}}, {"model": "token_blacklist.blacklistedtoken", "pk": 13, "fields": {"token": 44, "blacklisted_at": "2022-08-26T06:01:17.730Z"}}, {"model": "authentication.user", "pk": 1, "fields": {"password": "pbkdf2_sha256$320000$s98ruoRpdBnbseKr17BJXz$pZjNhtaiZHeHmHMPSra01OiYg0uJvFE6kWRonMIHfbo=", "last_login": "2022-08-26T08:36:55.761Z", "name": "Atharva", "email": "adp@gmail.com", "employment": "Admin", "idproof": "", "is_verified": false, "is_active": true, "is_staff": true, "is_admin": true, "user_type": "other", "created_at": "2022-08-18T14:57:30.640Z", "updated_at": "2022-08-18T14:57:30.640Z"}}, {"model": "authentication.user", "pk": 2, "fields": {"password": "pbkdf2_sha256$320000$b9OMtfyJNM2Sdb7jeWZ8uS$TeBdWJGw7RdGwKhboCJh9buF4GcwdoW8yeXaNk9lsoY=", "last_login": null, "name": "Atharva Patil", "email": "atharva8591@gmail.com", "employment": "Teacher", "idproof": "idproof/AtharvaID.PNG", "is_verified": true, "is_active": true, "is_staff": false, "is_admin": false, "user_type": "teacher", "created_at": "2022-08-18T15:39:36.808Z", "updated_at": "2022-08-18T15:40:03.434Z"}}, {"model": "authentication.user", "pk": 3, "fields": {"password": "pbkdf2_sha256$320000$FiZ3yXGJmR84jVFwR2Ezq0$F3hnp5JyyuHpaUfmngFvWpzxX+V/+0Isn3Ix4hU7LsM=", "last_login": null, "name": "Viraj Patidar", "email": "viraj.patidar@iit.edu", "employment": "Teacher", "idproof": "idproof/VirajID.PNG", "is_verified": true, "is_active": true, "is_staff": false, "is_admin": false, "user_type": "teacher", "created_at": "2022-08-18T17:35:35.296Z", "updated_at": "2022-08-18T17:35:56.330Z"}}, {"model": "authentication.user", "pk": 4, "fields": {"password": "pbkdf2_sha256$320000$MldEw03lR502fcTilIwNsl$Tf01fNzre1sL3YdRXJNnt7obSkhIHs26Tk7i9h88Mnw=", "last_login": null, "name": "Umang Thadani", "email": "umang.thadani@kjsomaiya.edu", "employment": "Teacher", "idproof": "idproof/UmangID.PNG", "is_verified": true, "is_active": true, "is_staff": false, "is_admin": false, "user_type": "teacher", "created_at": "2022-08-19T04:02:24.576Z", "updated_at": "2022-08-19T04:02:38.593Z"}}, {"model": "authentication.user", "pk": 5, "fields": {"password": "pbkdf2_sha256$320000$qIf2CLbgW0ryGFdDHthbpD$rUiwHCW5ardODGSou0hdKFH4vOoRMnuDHmccNKkMMCU=", "last_login": null, "name": "Anurag Singh", "email": "anurag.singh@smbmv.edu", "employment": "Teacher", "idproof": "idproof/AnuragID.PNG", "is_verified": true, "is_active": true, "is_staff": false, "is_admin": false, "user_type": "teacher", "created_at": "2022-08-19T04:11:13.178Z", "updated_at": "2022-08-19T04:11:26.510Z"}}, {"model": "authentication.user", "pk": 6, "fields": {"password": "pbkdf2_sha256$320000$QLGbokHvkv0TAuYuJ5yR1k$9ZJV0wFMEG6X2TC/rEjWnBNOI9ByG4cYZsIJ8UBlbNU=", "last_login": null, "name": "Naman Shah", "email": "naman.shah@djs.edu", "employment": "Student", "idproof": "idproof/NamanID.PNG", "is_verified": true, "is_active": true, "is_staff": false, "is_admin": false, "user_type": "other", "created_at": "2022-08-19T04:23:58.443Z", "updated_at": "2022-08-19T04:24:12.049Z"}}, {"model": "authentication.user", "pk": 7, "fields": {"password": "pbkdf2_sha256$320000$XbY6XE5Cg7gmaLhBIaYjls$FumlvZbXvLf27f70BnryQpr6yiAxX+5nMlyh8ElH3ko=", "last_login": null, "name": "Dishika Mehta", "email": "dishika.mehta@spit.edu", "employment": "Student", "idproof": "idproof/DishikaID.PNG", "is_verified": true, "is_active": true, "is_staff": false, "is_admin": false, "user_type": "other", "created_at": "2022-08-19T05:31:07.610Z", "updated_at": "2022-08-19T05:31:28.666Z"}}, {"model": "authentication.user", "pk": 8, "fields": {"password": "pbkdf2_sha256$320000$HdhzhoL1HBjLciV61i1d3M$Sy1AwfPzmIA9TKh4BZmfVCRQSZDWRDnxxyJvPOHgePo=", "last_login": null, "name": "Mary Jackson", "email": "mary.j@gmail.com", "employment": "Doctor", "idproof": "idproof/DocterID.PNG", "is_verified": true, "is_active": true, "is_staff": false, "is_admin": false, "user_type": "other", "created_at": "2022-08-19T05:44:48.604Z", "updated_at": "2022-08-19T05:45:07.261Z"}}, {"model": "authentication.user", "pk": 9, "fields": {"password": "pbkdf2_sha256$320000$zZPZhjJCUSDN9575I6v5jh$cyAngptxQ0FUJghJ+/BdqNV7Q45lMkSeNLSmrcOAFhk=", "last_login": null, "name": "Luke Hayes", "email": "luke.hayes@tesla.org", "employment": "Engineer", "idproof": "idproof/SDEID.PNG", "is_verified": true, "is_active": true, "is_staff": false, "is_admin": false, "user_type": "other", "created_at": "2022-08-19T05:54:40.723Z", "updated_at": "2022-08-19T05:56:28.792Z"}}, {"model": "authentication.other", "pk": 1, "fields": {"name": "Naman Shah", "email": "naman.shah@djs.edu", "education": "IT Student", "employment": "Student", "user": 6}}, {"model": "authentication.other", "pk": 2, "fields": {"name": "Dishika Mehta", "email": "dishika.mehta@spit.edu", "education": "Student", "employment": "Student", "user": 7}}, {"model": "authentication.other", "pk": 3, "fields": {"name": "Mary Jackson", "email": "mary.j@gmail.com", "education": "Doctor", "employment": "Doctor", "user": 8}}, {"model": "authentication.other", "pk": 4, "fields": {"name": "Luke Hayes", "email": "luke.hayes@tesla.org", "education": "SDE", "employment": "Engineer", "user": 9}}, {"model": "authentication.teacher", "pk": 1, "fields": {"name": "Atharva Patil", "email": "atharva8591@gmail.com", "employment": "Teacher", "college": "J S College", "position": "Principal", "user": 2}}, {"model": "authentication.teacher", "pk": 2, "fields": {"name": "Viraj Patidar", "email": "viraj.patidar@iit.edu", "employment": "Teacher", "college": "IIT, Bombay", "position": "HOD", "user": 3}}, {"model": "authentication.teacher", "pk": 3, "fields": {"name": "Umang Thadani", "email": "umang.thadani@kjsomaiya.edu", "employment": "Teacher", "college": "K J S College", "position": "Professor", "user": 4}}, {"model": "authentication.teacher", "pk": 4, "fields": {"name": "Anurag Singh", "email": "anurag.singh@smbmv.edu", "employment": "Teacher", "college": "SMBMV School", "position": "Teacher", "user": 5}}, {"model": "questions.question", "pk": 1, "fields": {"type": "a", "setter": 2, "grade": 10, "board": "ICSE", "marks": 1, "difficulty": "b", "subject": "Maths", "medium": "English", "title": "There is a circular path around a sports field. Priya takes 18 minutes to drive one round of the field. Harish takes 12 minutes. Suppose they both start at the same point and at the same time and go in the same direction. After how many minutes will they meet ?"}}, {"model": "questions.question", "pk": 2, "fields": {"type": "a", "setter": 2, "grade": 10, "board": "ICSE", "marks": 1, "difficulty": "a", "subject": "Maths", "medium": "English", "title": "The zeroes of the quadratic polynomial x^2 + 99x + 127 are"}}, {"model": "questions.question", "pk": 3, "fields": {"type": "a", "setter": 2, "grade": 12, "board": "CBSE", "marks": 1, "difficulty": "a", "subject": "Physics", "medium": "English", "title": "The radius of curvature of a mirror is 20cm the focal length is"}}, {"model": "questions.question", "pk": 4, "fields": {"type": "b", "setter": 2, "grade": 12, "board": "CBSE", "marks": 1, "difficulty": "a", "subject": "Physics", "medium": "English", "title": "The unit of power of lens is"}}, {"model": "questions.question", "pk": 5, "fields": {"type": "a", "setter": 2, "grade": 10, "board": "CBSE", "marks": 1, "difficulty": "a", "subject": "Geography", "medium": "हिन्दी", "title": "राजस्थान में पवन और सौर ऊर्जा संसाधनों की अपार संभावनाएं हैं, ये दोनों संसाधन किस प्रकार के संसाधन हैं?"}}, {"model": "questions.question", "pk": 6, "fields": {"type": "a", "setter": 2, "grade": 10, "board": "CBSE", "marks": 1, "difficulty": "a", "subject": "Geography", "medium": "हिन्दी", "title": "इनमें से कौन से संसाधन पुनः चक्रिय है?"}}, {"model": "questions.question", "pk": 7, "fields": {"type": "b", "setter": 2, "grade": 10, "board": "CBSE", "marks": 1, "difficulty": "b", "subject": "Geography", "medium": "हिन्दी", "title": "भारतीय वन्य जीव सुरक्षा अधिनियम कब बना?"}}, {"model": "questions.question", "pk": 8, "fields": {"type": "b", "setter": 2, "grade": 10, "board": "CBSE", "marks": 1, "difficulty": "b", "subject": "Geography", "medium": "हिन्दी", "title": "बांस ड्रिप सिंचाई प्रणाली इनमें से किस राज्य में प्रमुखता से प्रचलन में है?"}}, {"model": "questions.question", "pk": 9, "fields": {"type": "a", "setter": 2, "grade": 10, "board": "CBSE", "marks": 1, "difficulty": "b", "subject": "Geography", "medium": "हिन्दी", "title": "जल दुर्लभता क्या?"}}, {"model": "questions.question", "pk": 10, "fields": {"type": "a", "setter": 2, "grade": 10, "board": "CBSE", "marks": 1, "difficulty": "a", "subject": "Geography", "medium": "हिन्दी", "title": "11वीं शताब्दी में बनाई गई सबसे बड़ी कृत्रिम झील कौन सी है?"}}, {"model": "questions.question", "pk": 11, "fields": {"type": "a", "setter": 2, "grade": 10, "board": "CBSE", "marks": 1, "difficulty": "a", "subject": "Geography", "medium": "हिन्दी", "title": "इनमें से कौन-सी रबी की फसल है?"}}, {"model": "questions.question", "pk": 12, "fields": {"type": "a", "setter": 2, "grade": 10, "board": "CBSE", "marks": 1, "difficulty": "c", "subject": "Geography", "medium": "हिन्दी", "title": "चावल के उत्पादन में भारत का विश्व में कौन सा स्थान है?"}}, {"model": "questions.question", "pk": 13, "fields": {"type": "a", "setter": 2, "grade": 10, "board": "Gujarat Secondary and Higher Secondary Education Board", "marks": 1, "difficulty": "a", "subject": "Biology", "medium": "ગુજરાતી", "title": "ીચેનામાંથી સજીવનું કયું લક્ષણ વનસ્પતિમાં જોવા મળતું નથી ?"}}, {"model": "questions.question", "pk": 14, "fields": {"type": "a", "setter": 2, "grade": 10, "board": "Gujarat Secondary and Higher Secondary Education Board", "marks": 1, "difficulty": "a", "subject": "Geography", "medium": "हिन्दी", "title": "इनमें से कौनसा संरक्षण तरीका समुदायों की सीधी भागीदारी नहीं करता?"}}, {"model": "questions.question", "pk": 15, "fields": {"type": "a", "setter": 2, "grade": 10, "board": "Gujarat Secondary and Higher Secondary Education Board", "marks": 1, "difficulty": "b", "subject": "Biology", "medium": "ગુજરાતી", "title": "સજીવ પુખ્ત વયે પોતાના જેવો બીજા સજીવ ઉત્પન્ન કરે તે ઘટનાને શું કહે છે ?"}}, {"model": "questions.question", "pk": 16, "fields": {"type": "a", "setter": 2, "grade": 10, "board": "Gujarat Secondary and Higher Secondary Education Board", "marks": 1, "difficulty": "b", "subject": "Biology", "medium": "ગુજરાતી", "title": "નીચેનામાંથી પ્રજનનની એક પદ્ધતિ કઈ છે ?"}}, {"model": "questions.question", "pk": 17, "fields": {"type": "a", "setter": 2, "grade": 10, "board": "Gujarat Secondary and Higher Secondary Education Board", "marks": 1, "difficulty": "b", "subject": "Biology", "medium": "ગુજરાતી", "title": "સજીવોને જૈવિક કાર્યો કરવા માટે શું જરૂરી છે ?"}}, {"model": "questions.question", "pk": 18, "fields": {"type": "a", "setter": 2, "grade": 10, "board": "Gujarat Secondary and Higher Secondary Education Board", "marks": 1, "difficulty": "b", "subject": "Biology", "medium": "ગુજરાતી", "title": "સજીવના કોષોમાં થતી જૈવરાસાયણિક ક્રિયાઓને સંયુક્ત રીતે કયા નામથી ઓળખવામાં આવે છે ?"}}, {"model": "questions.question", "pk": 19, "fields": {"type": "a", "setter": 3, "grade": 10, "board": "Gujarat Secondary and Higher Secondary Education Board", "marks": 1, "difficulty": "a", "subject": "Biology", "medium": "ગુજરાતી", "title": "બહુકોષીય સજીવો કઈ ક્રિયા દ્વારા દેહના કદમાં વધારો થાય છે ?"}}, {"model": "questions.question", "pk": 20, "fields": {"type": "a", "setter": 3, "grade": 10, "board": "Gujarat Secondary and Higher Secondary Education Board", "marks": 1, "difficulty": "b", "subject": "Biology", "medium": "ગુજરાતી", "title": "કયા સજીવોમાં વૃદ્ધિ જીવનપર્યંત થતી રહે છે ?"}}, {"model": "questions.question", "pk": 21, "fields": {"type": "a", "setter": 3, "grade": 10, "board": "Gujarat Secondary and Higher Secondary Education Board", "marks": 1, "difficulty": "c", "subject": "Biology", "medium": "ગુજરાતી", "title": "દ્રવ્યચક્રોનું સંતુલન સજીવની કઈ ઘટના દ્વારા જળવાય છે ?"}}, {"model": "questions.question", "pk": 22, "fields": {"type": "a", "setter": 3, "grade": 10, "board": "Gujarat Secondary and Higher Secondary Education Board", "marks": 1, "difficulty": "a", "subject": "Biology", "medium": "ગુજરાતી", "title": "આપણી આસપાસ જોવા મળતા સજીવો ભિન્ન-ભિન્ન પ્રકારના હોય છે. આ ગુણને શું કહે છે ?"}}, {"model": "questions.question", "pk": 23, "fields": {"type": "a", "setter": 3, "grade": 10, "board": "Gujarat Secondary and Higher Secondary Education Board", "marks": 1, "difficulty": "a", "subject": "Biology", "medium": "ગુજરાતી", "title": "સજીવો કઈ બાબતે વૈવિધ્ય ધરાવે છે ?"}}, {"model": "questions.question", "pk": 24, "fields": {"type": "a", "setter": 3, "grade": 10, "board": "CBSE", "marks": 1, "difficulty": "a", "subject": "Geography", "medium": "हिन्दी", "title": "निम्नलिखित में से कौन-सी व्यापारिक फसल नहीं है?"}}, {"model": "questions.question", "pk": 25, "fields": {"type": "b", "setter": 3, "grade": 10, "board": "CBSE", "marks": 1, "difficulty": "c", "subject": "Geography", "medium": "हिन्दी", "title": "कपास के उत्पादन के लिए सबसे उपयुक्त मिट्टी इनमें से कौन सी मानी जाती है?"}}, {"model": "questions.question", "pk": 26, "fields": {"type": "a", "setter": 3, "grade": 10, "board": "CBSE", "marks": 1, "difficulty": "c", "subject": "Geography", "medium": "हिन्दी", "title": "उद्योगों से किस प्रकार का प्रदूषण होता है?"}}, {"model": "questions.question", "pk": 27, "fields": {"type": "a", "setter": 3, "grade": 10, "board": "CBSE", "marks": 1, "difficulty": "b", "subject": "Geography", "medium": "हिन्दी", "title": "किसी राष्ट्र की आर्थिक उन्नति का मापक कौन सा है?"}}, {"model": "questions.question", "pk": 28, "fields": {"type": "a", "setter": 3, "grade": 10, "board": "CBSE", "marks": 1, "difficulty": "b", "subject": "Geography", "medium": "हिन्दी", "title": "भारत का सबसे लंबा राष्ट्रीय राजमार्ग इनमें से कौन है?"}}, {"model": "questions.question", "pk": 29, "fields": {"type": "d", "setter": 3, "grade": 10, "board": "CBSE", "marks": 4, "difficulty": "b", "subject": "Geography", "medium": "हिन्दी", "title": "निम्नलिखित को मिलाएं"}}, {"model": "questions.question", "pk": 30, "fields": {"type": "b", "setter": 3, "grade": 10, "board": "ICSE", "marks": 1, "difficulty": "b", "subject": "Maths", "medium": "English", "title": "The least number that is divisible by all the numbers from 1 to 8 (both inclusive) is"}}, {"model": "questions.question", "pk": 31, "fields": {"type": "b", "setter": 3, "grade": 10, "board": "ICSE", "marks": 1, "difficulty": "b", "subject": "Maths", "medium": "English", "title": "Number of solutions for pair of equations pair of equations 3x – 5y = 7 and – 6x + 10y = 7"}}, {"model": "questions.question", "pk": 32, "fields": {"type": "a", "setter": 3, "grade": 12, "board": "CBSE", "marks": 1, "difficulty": "c", "subject": "Physics", "medium": "English", "title": "Convex lens focus a real, point sized image at focus, the object is placed"}}, {"model": "questions.question", "pk": 33, "fields": {"type": "b", "setter": 3, "grade": 12, "board": "CBSE", "marks": 1, "difficulty": "b", "subject": "Physics", "medium": "English", "title": "Focal length of plane mirror is"}}, {"model": "questions.question", "pk": 34, "fields": {"type": "b", "setter": 4, "grade": 10, "board": "ICSE", "marks": 1, "difficulty": "b", "subject": "Maths", "medium": "English", "title": "The sum of the roots of the quadratic equation 3×2 – 9x + 5 = 0"}}, {"model": "questions.question", "pk": 35, "fields": {"type": "a", "setter": 4, "grade": 10, "board": "ICSE", "marks": 1, "difficulty": "b", "subject": "Maths", "medium": "English", "title": "The 10th term from the end of the A.P. 4, 9,14, …, 254"}}, {"model": "questions.question", "pk": 36, "fields": {"type": "a", "setter": 4, "grade": 12, "board": "CBSE", "marks": 1, "difficulty": "b", "subject": "Physics", "medium": "English", "title": "In all the electrical appliances, the switches are put in the"}}, {"model": "questions.question", "pk": 37, "fields": {"type": "a", "setter": 4, "grade": 11, "board": "CBSE", "marks": 1, "difficulty": "c", "subject": "Physics", "medium": "English", "title": "No force acts on a current carrying conductor when it is placed"}}, {"model": "questions.question", "pk": 38, "fields": {"type": "a", "setter": 5, "grade": 10, "board": "ICSE", "marks": 1, "difficulty": "a", "subject": "Maths", "medium": "English", "title": "If the numbers a, b, c, d, e form an A.P., then the value of a – 4b + 6c – 4d + e is"}}, {"model": "questions.question", "pk": 39, "fields": {"type": "a", "setter": 5, "grade": 10, "board": "ICSE", "marks": 1, "difficulty": "a", "subject": "Maths", "medium": "English", "title": "In a rhombus if d1 = 16 cm, d2 = 12 cm, then the length of the side of the rhombus is"}}, {"model": "questions.question", "pk": 40, "fields": {"type": "a", "setter": 5, "grade": 10, "board": "ICSE", "marks": 1, "difficulty": "a", "subject": "Maths", "medium": "English", "title": "The area of the triangle ABC with the vertices A(-5, 7), B(-4, -5) and C(4, 5) is"}}, {"model": "questions.question", "pk": 41, "fields": {"type": "b", "setter": 5, "grade": 12, "board": "CBSE", "marks": 1, "difficulty": "b", "subject": "Physics", "medium": "English", "title": "An alpha particle is diverted towards west is deflected towards north by a field. The field is magnetic. What will be the direction of field?"}}, {"model": "questions.question", "pk": 42, "fields": {"type": "b", "setter": 5, "grade": 12, "board": "CBSE", "marks": 1, "difficulty": "c", "subject": "Physics", "medium": "English", "title": "A body of mass 1kg is attracted by the earth with a force which is equal to"}}, {"model": "questions.question", "pk": 43, "fields": {"type": "a", "setter": 5, "grade": 12, "board": "ICSE", "marks": 1, "difficulty": "b", "subject": "Physics", "medium": "English", "title": "When a 40V battery is connected across an unknown resistor there is a current of 100 mA in the circuit. Find the value of the resistance of the resister"}}, {"model": "questions.question", "pk": 44, "fields": {"type": "a", "setter": 6, "grade": 10, "board": "ICSE", "marks": 1, "difficulty": "b", "subject": "Maths", "medium": "English", "title": "If (a/3, 4) is the mid-point of the segment joining the points P(-6, 5) and R(-2, 3), then the value of ‘a’ is"}}, {"model": "questions.question", "pk": 45, "fields": {"type": "b", "setter": 6, "grade": 10, "board": "ICSE", "marks": 1, "difficulty": "c", "subject": "Maths", "medium": "English", "title": "The angle of elevation of top of a tower from a point on the ground, which is 30 m away from the foot of the tower is 30°. The length of the tower is"}}, {"model": "questions.question", "pk": 46, "fields": {"type": "b", "setter": 6, "grade": 10, "board": "ICSE", "marks": 1, "difficulty": "c", "subject": "Maths", "medium": "English", "title": "From a point P which is at a distance of 13 cm from the point O of a circle of radius 5 cm, the pair of tangents PQ and PR to the circle are drawn. Then the area of the quadrilateral PQOR is"}}, {"model": "questions.question", "pk": 47, "fields": {"type": "a", "setter": 6, "grade": 10, "board": "ICSE", "marks": 1, "difficulty": "c", "subject": "Maths", "medium": "English", "title": "The area of a sector of a circle bounded by an arc of length 5π cm is equal to 20π cm^2, then its radius is\tMCQ\t12\t16\t8\t10\t\t8\tH"}}, {"model": "questions.question", "pk": 48, "fields": {"type": "b", "setter": 6, "grade": 12, "board": "CBSE", "marks": 1, "difficulty": "c", "subject": "Physics", "medium": "English", "title": "A battery of 6V is connected in series with resisters of 0.1 ohm , 0.15 ohm,0.2 ohm,0.25 ohm and 6 ohm. How much current would flow through the 0.3 ohm resistor?"}}, {"model": "questions.question", "pk": 49, "fields": {"type": "b", "setter": 6, "grade": 12, "board": "CBSE", "marks": 1, "difficulty": "c", "subject": "Physics", "medium": "English", "title": "The force exerted on a current-carrying wire placed in a magnetic field is zero when the angle between the wire and the direction of the magnetic field is"}}, {"model": "questions.question", "pk": 50, "fields": {"type": "a", "setter": 6, "grade": 12, "board": "CBSE", "marks": 1, "difficulty": "c", "subject": "Physics", "medium": "English", "title": "3 A nut is opened by a wrench of length 10cm. If the least force required is 5.0N, find the moment of force needed to turn the nut"}}, {"model": "questions.question", "pk": 51, "fields": {"type": "b", "setter": 7, "grade": 10, "board": "ICSE", "marks": 1, "difficulty": "b", "subject": "Maths", "medium": "English", "title": "The radii of the top and bottom of a bucket of slant height 13 cm are 9 cm and 4 cm respectively. The height of the bucket is"}}, {"model": "questions.question", "pk": 52, "fields": {"type": "a", "setter": 7, "grade": 10, "board": "ICSE", "marks": 1, "difficulty": "b", "subject": "Maths", "medium": "English", "title": "The algebraic sum of the deviations of a frequency distribution from its mean is always"}}, {"model": "questions.question", "pk": 53, "fields": {"type": "a", "setter": 7, "grade": 12, "board": "CBSE", "marks": 1, "difficulty": "c", "subject": "Physics", "medium": "English", "title": "A force of 50 dynes acts on a rigid body, such that the perpendicular distance between the fulcrum and the point of application of force is 75 cm. Calculate the moment of force"}}, {"model": "questions.question", "pk": 54, "fields": {"type": "a", "setter": 7, "grade": 12, "board": "CBSE", "marks": 1, "difficulty": "c", "subject": "Physics", "medium": "English", "title": "Calculate the minimum distance in air required between the source of sound and the obstacle to hear an echo. Take the speed of sound in air = 350m/s"}}, {"model": "questions.question", "pk": 55, "fields": {"type": "a", "setter": 7, "grade": 12, "board": "CBSE", "marks": 1, "difficulty": "a", "subject": "Physics", "medium": "English", "title": "Sound travels in form of"}}, {"model": "questions.question", "pk": 56, "fields": {"type": "b", "setter": 8, "grade": 12, "board": "CBSE", "marks": 1, "difficulty": "a", "subject": "Physics", "medium": "English", "title": "A ball of mass 0.20 kg is thrown vertically upwards with an initial velocity of 20m/s. Calculate the maximum potential energy it gains as it goes up in Joules"}}, {"model": "questions.question", "pk": 57, "fields": {"type": "a", "setter": 8, "grade": 12, "board": "CBSE", "marks": 1, "difficulty": "a", "subject": "Physics", "medium": "English", "title": "The electromagnetic radiation which are useful in night photography is"}}, {"model": "questions.question", "pk": 58, "fields": {"type": "b", "setter": 8, "grade": 12, "board": "CBSE", "marks": 1, "difficulty": "a", "subject": "Physics", "medium": "English", "title": "During the Sunset the colour from the spectrum which scatters closest to the eye of observer is"}}, {"model": "questions.question", "pk": 59, "fields": {"type": "b", "setter": 8, "grade": 10, "board": "ICSE", "marks": 1, "difficulty": "a", "subject": "Maths", "medium": "English", "title": "The total number of events of throwing 10 coins simultaneously is"}}, {"model": "questions.question", "pk": 60, "fields": {"type": "b", "setter": 8, "grade": 10, "board": "ICSE", "marks": 1, "difficulty": "b", "subject": "Maths", "medium": "English", "title": "Cards bearing numbers 3 to 20 are placed in a bag and mixed thoroughly. A card is taken out from the bag at random. The probability that the number on the card taken out is an even number, is"}}, {"model": "questions.question", "pk": 61, "fields": {"type": "b", "setter": 9, "grade": 10, "board": "ICSE", "marks": 1, "difficulty": "b", "subject": "Maths", "medium": "English", "title": "If radii of two concentric circles are 4 cm and 5 cm, then the length of each chord of one circle which is tangent to the other circle is"}}, {"model": "questions.question", "pk": 62, "fields": {"type": "d", "setter": 9, "grade": 10, "board": "ICSE", "marks": 4, "difficulty": "c", "subject": "Maths", "medium": "English", "title": "Match the following"}}, {"model": "questions.question", "pk": 63, "fields": {"type": "b", "setter": 9, "grade": 10, "board": "ICSE", "marks": 1, "difficulty": "b", "subject": "Maths", "medium": "English", "title": "The probability of getting a spade card from a well shuffled deck of 52 cards is"}}, {"model": "questions.question", "pk": 64, "fields": {"type": "b", "setter": 9, "grade": 12, "board": "CBSE", "marks": 1, "difficulty": "a", "subject": "Physics", "medium": "English", "title": "What is the range of wavelength of the spectrum of white light in nm"}}, {"model": "questions.question", "pk": 65, "fields": {"type": "d", "setter": 9, "grade": 12, "board": "CBSE", "marks": 4, "difficulty": "a", "subject": "Physics", "medium": "English", "title": "Match the following - SI unit of the follwing"}}, {"model": "questions.question", "pk": 66, "fields": {"type": "b", "setter": 2, "grade": 10, "board": "Maharashtra State Board of Secondary & Higher Secondary Education", "marks": 1, "difficulty": "a", "subject": "History", "medium": "मराठी", "title": "रमाबार्इला पंडिता आणि सरस्वती या पदव्या कोठे देण्यात आल्या?"}}, {"model": "questions.question", "pk": 67, "fields": {"type": "b", "setter": 2, "grade": 10, "board": "Maharashtra State Board of Secondary & Higher Secondary Education", "marks": 1, "difficulty": "b", "subject": "History", "medium": "मराठी", "title": "सुभाषचंद्र बोस यांनी आझाद हिंद सरकारची स्थापना कोठे केली?"}}, {"model": "questions.question", "pk": 68, "fields": {"type": "b", "setter": 2, "grade": 10, "board": "Maharashtra State Board of Secondary & Higher Secondary Education", "marks": 1, "difficulty": "a", "subject": "History", "medium": "मराठी", "title": "गांधीजानी वैयक्तिक सत्याग्रहाचे पहिले अनुयायी म्हणून कोणाची निवड केली होती?"}}, {"model": "questions.question", "pk": 69, "fields": {"type": "c", "setter": 2, "grade": 10, "board": "Maharashtra State Board of Secondary & Higher Secondary Education", "marks": 1, "difficulty": "b", "subject": "History", "medium": "मराठी", "title": "भारतीयांनी सायमन कमिशनवर बहिष्कार टाकला कारण"}}, {"model": "questions.question", "pk": 70, "fields": {"type": "b", "setter": 2, "grade": 10, "board": "Maharashtra State Board of Secondary & Higher Secondary Education", "marks": 1, "difficulty": "c", "subject": "History", "medium": "मराठी", "title": "भारतीय क्रांतीकारकांच्या संघटनांच्या अपयशाचे महत्त्वाचे कारण म्हणजे"}}, {"model": "questions.question", "pk": 71, "fields": {"type": "b", "setter": 3, "grade": 10, "board": "Maharashtra State Board of Secondary & Higher Secondary Education", "marks": 1, "difficulty": "a", "subject": "History", "medium": "मराठी", "title": "ज्ञानेश्वर महाराजांचे समकालीन संत कोण होते?"}}, {"model": "questions.question", "pk": 72, "fields": {"type": "b", "setter": 3, "grade": 10, "board": "Maharashtra State Board of Secondary & Higher Secondary Education", "marks": 1, "difficulty": "b", "subject": "History", "medium": "मराठी", "title": "नामदेवांच्या १२५ पदांपैकी किती पदे शिखांच्या गुरू ग्रंथसाहिबामथ्ये आहेत?"}}, {"model": "questions.question", "pk": 73, "fields": {"type": "b", "setter": 3, "grade": 10, "board": "Maharashtra State Board of Secondary & Higher Secondary Education", "marks": 1, "difficulty": "c", "subject": "History", "medium": "मराठी", "title": "मुझफ्फरपूरचा मॅजिस्ट्रेट किंग्जफोर्ड वर बॉम्ब फेकणरा तरुण कोण?"}}, {"model": "questions.question", "pk": 74, "fields": {"type": "b", "setter": 3, "grade": 10, "board": "Maharashtra State Board of Secondary & Higher Secondary Education", "marks": 1, "difficulty": "c", "subject": "History", "medium": "मराठी", "title": "१८८० मध्ये पुण्यात न्यू इंग्लिश स्कूलची स्थापना कोणी केली?"}}, {"model": "questions.question", "pk": 75, "fields": {"type": "b", "setter": 3, "grade": 10, "board": "Maharashtra State Board of Secondary & Higher Secondary Education", "marks": 1, "difficulty": "b", "subject": "History", "medium": "मराठी", "title": "मुंबईत कोणाच्या नेतृत्वाखाली नाविक दलाचे बंड झाले?"}}, {"model": "questions.question", "pk": 152, "fields": {"type": "a", "setter": 2, "grade": 2, "board": "CBSE", "marks": 1, "difficulty": "a", "subject": "Maths", "medium": "English", "title": "sum of angles of a triangle"}}, {"model": "questions.question", "pk": 153, "fields": {"type": "b", "setter": 2, "grade": 2, "board": "CBSE", "marks": 2, "difficulty": "b", "subject": "Maths", "medium": "English", "title": "1+1=?"}}, {"model": "questions.question", "pk": 154, "fields": {"type": "c", "setter": 2, "grade": 2, "board": "CBSE", "marks": 5, "difficulty": "c", "subject": "Maths", "medium": "English", "title": "7-3=?"}}, {"model": "questions.option", "pk": 1, "fields": {"question": 1, "option": "36 minutes", "correct": true}}, {"model": "questions.option", "pk": 2, "fields": {"question": 1, "option": "18 minutes", "correct": false}}, {"model": "questions.option", "pk": 3, "fields": {"question": 1, "option": "6 minutes", "correct": false}}, {"model": "questions.option", "pk": 4, "fields": {"question": 1, "option": "They will not meet", "correct": false}}, {"model": "questions.option", "pk": 5, "fields": {"question": 2, "option": "both positive", "correct": true}}, {"model": "questions.option", "pk": 6, "fields": {"question": 2, "option": "both negative", "correct": false}}, {"model": "questions.option", "pk": 7, "fields": {"question": 2, "option": "one positive one negative", "correct": false}}, {"model": "questions.option", "pk": 8, "fields": {"question": 2, "option": "both equal", "correct": false}}, {"model": "questions.option", "pk": 9, "fields": {"question": 3, "option": "10cm", "correct": true}}, {"model": "questions.option", "pk": 10, "fields": {"question": 3, "option": "40cm", "correct": false}}, {"model": "questions.option", "pk": 11, "fields": {"question": 3, "option": "20cm", "correct": false}}, {"model": "questions.option", "pk": 12, "fields": {"question": 3, "option": "5cm", "correct": false}}, {"model": "questions.option", "pk": 13, "fields": {"question": 4, "option": "Diopter", "correct": true}}, {"model": "questions.option", "pk": 14, "fields": {"question": 5, "option": "संभावी संसाधन", "correct": true}}, {"model": "questions.option", "pk": 15, "fields": {"question": 5, "option": "विकसित संसाधन", "correct": false}}, {"model": "questions.option", "pk": 16, "fields": {"question": 5, "option": "जैव संसाधन", "correct": false}}, {"model": "questions.option", "pk": 17, "fields": {"question": 5, "option": "व्यक्तिगत संसाधन", "correct": false}}, {"model": "questions.option", "pk": 18, "fields": {"question": 6, "option": "लोहा", "correct": true}}, {"model": "questions.option", "pk": 19, "fields": {"question": 6, "option": "कोयला", "correct": false}}, {"model": "questions.option", "pk": 20, "fields": {"question": 6, "option": "पेट्रोलियम", "correct": false}}, {"model": "questions.option", "pk": 21, "fields": {"question": 6, "option": "प्राकृतिक गैस", "correct": false}}, {"model": "questions.option", "pk": 22, "fields": {"question": 7, "option": "1972", "correct": true}}, {"model": "questions.option", "pk": 23, "fields": {"question": 8, "option": "महाराष्ट्र", "correct": true}}, {"model": "questions.option", "pk": 24, "fields": {"question": 9, "option": "जल की कमी", "correct": true}}, {"model": "questions.option", "pk": 25, "fields": {"question": 9, "option": "वर्षा की कमी", "correct": false}}, {"model": "questions.option", "pk": 26, "fields": {"question": 9, "option": "नदी के बहाव में कमी", "correct": false}}, {"model": "questions.option", "pk": 27, "fields": {"question": 9, "option": "जल की सीमित मात्रा", "correct": false}}, {"model": "questions.option", "pk": 28, "fields": {"question": 10, "option": "भोपाल झील", "correct": true}}, {"model": "questions.option", "pk": 29, "fields": {"question": 10, "option": "जयसमंद झील", "correct": false}}, {"model": "questions.option", "pk": 30, "fields": {"question": 10, "option": "भीमताल झील", "correct": false}}, {"model": "questions.option", "pk": 31, "fields": {"question": 10, "option": "नैनी झील", "correct": false}}, {"model": "questions.option", "pk": 32, "fields": {"question": 11, "option": "चना", "correct": true}}, {"model": "questions.option", "pk": 33, "fields": {"question": 11, "option": "चावल", "correct": false}}, {"model": "questions.option", "pk": 34, "fields": {"question": 11, "option": "मोटे अनाज", "correct": false}}, {"model": "questions.option", "pk": 35, "fields": {"question": 11, "option": "कपास", "correct": false}}, {"model": "questions.option", "pk": 36, "fields": {"question": 12, "option": "दूसरा", "correct": true}}, {"model": "questions.option", "pk": 37, "fields": {"question": 12, "option": "पहला", "correct": false}}, {"model": "questions.option", "pk": 38, "fields": {"question": 12, "option": "तीसरा", "correct": false}}, {"model": "questions.option", "pk": 39, "fields": {"question": 12, "option": "पांचवा", "correct": false}}, {"model": "questions.option", "pk": 40, "fields": {"question": 13, "option": "પ્રચલન", "correct": true}}, {"model": "questions.option", "pk": 41, "fields": {"question": 13, "option": "અનુકૂલન", "correct": false}}, {"model": "questions.option", "pk": 42, "fields": {"question": 13, "option": "વૃદ્ધિ", "correct": false}}, {"model": "questions.option", "pk": 43, "fields": {"question": 13, "option": "પ્રજનન", "correct": false}}, {"model": "questions.option", "pk": 44, "fields": {"question": 14, "option": "वन्य जीव पशुविहार (santuary) का परिसीमन", "correct": true}}, {"model": "questions.option", "pk": 45, "fields": {"question": 14, "option": "संयुक्त वन प्रबंधन", "correct": false}}, {"model": "questions.option", "pk": 46, "fields": {"question": 14, "option": "चिपको आंदोलन", "correct": false}}, {"model": "questions.option", "pk": 47, "fields": {"question": 14, "option": "बीज बचाओ आंदोलन", "correct": false}}, {"model": "questions.option", "pk": 48, "fields": {"question": 15, "option": "પ્રજનન", "correct": true}}, {"model": "questions.option", "pk": 49, "fields": {"question": 15, "option": "પુનઃસર્જન", "correct": false}}, {"model": "questions.option", "pk": 50, "fields": {"question": 15, "option": "વિભેદન", "correct": false}}, {"model": "questions.option", "pk": 51, "fields": {"question": 15, "option": "અનુકૂલન", "correct": false}}, {"model": "questions.option", "pk": 52, "fields": {"question": 16, "option": "સંજીવન શક્તિ", "correct": true}}, {"model": "questions.option", "pk": 53, "fields": {"question": 16, "option": "સજીવ શક્તિ", "correct": false}}, {"model": "questions.option", "pk": 54, "fields": {"question": 16, "option": "જૈવશક્તિ", "correct": false}}, {"model": "questions.option", "pk": 55, "fields": {"question": 16, "option": "મુક્ત શક્તિ", "correct": false}}, {"model": "questions.option", "pk": 56, "fields": {"question": 17, "option": "ઊર્જાના રૂપાંતરણો", "correct": true}}, {"model": "questions.option", "pk": 57, "fields": {"question": 17, "option": "ઉર્જા", "correct": false}}, {"model": "questions.option", "pk": 58, "fields": {"question": 17, "option": "ખોરાક", "correct": false}}, {"model": "questions.option", "pk": 59, "fields": {"question": 17, "option": "મુક્ત ઊર્જા", "correct": false}}, {"model": "questions.option", "pk": 60, "fields": {"question": 18, "option": "ચયાપચય", "correct": true}}, {"model": "questions.option", "pk": 61, "fields": {"question": 18, "option": "વિભેદન", "correct": false}}, {"model": "questions.option", "pk": 62, "fields": {"question": 18, "option": "િકાસ", "correct": false}}, {"model": "questions.option", "pk": 63, "fields": {"question": 18, "option": "વૃદ્ધિ", "correct": false}}, {"model": "questions.option", "pk": 64, "fields": {"question": 19, "option": "ોષ-વિભાજન", "correct": true}}, {"model": "questions.option", "pk": 65, "fields": {"question": 19, "option": "ોષ-વિઘટન", "correct": false}}, {"model": "questions.option", "pk": 66, "fields": {"question": 19, "option": "ોષવૃદ્ધિ", "correct": false}}, {"model": "questions.option", "pk": 67, "fields": {"question": 19, "option": "ોષ-વિભેદન", "correct": false}}, {"model": "questions.option", "pk": 68, "fields": {"question": 20, "option": "વનસ્પતિઓ", "correct": true}}, {"model": "questions.option", "pk": 69, "fields": {"question": 20, "option": "મેરુદંડી", "correct": false}}, {"model": "questions.option", "pk": 70, "fields": {"question": 20, "option": "પ્રજીવ", "correct": false}}, {"model": "questions.option", "pk": 71, "fields": {"question": 20, "option": "સછિદ્ર", "correct": false}}, {"model": "questions.option", "pk": 72, "fields": {"question": 21, "option": "મૃત્યુ", "correct": true}}, {"model": "questions.option", "pk": 73, "fields": {"question": 21, "option": "ચયાપચય", "correct": false}}, {"model": "questions.option", "pk": 74, "fields": {"question": 21, "option": "અનુકૂલન", "correct": false}}, {"model": "questions.option", "pk": 75, "fields": {"question": 21, "option": "િન્નતા", "correct": false}}, {"model": "questions.option", "pk": 76, "fields": {"question": 22, "option": "િન્નતા", "correct": true}}, {"model": "questions.option", "pk": 77, "fields": {"question": 22, "option": "વિકાસ", "correct": false}}, {"model": "questions.option", "pk": 78, "fields": {"question": 22, "option": "પ્રતિક્રિયા", "correct": false}}, {"model": "questions.option", "pk": 79, "fields": {"question": 22, "option": "વૃદ્ધિ", "correct": false}}, {"model": "questions.option", "pk": 80, "fields": {"question": 23, "option": "આપેલ તમામ", "correct": true}}, {"model": "questions.option", "pk": 81, "fields": {"question": 23, "option": "આકાર અને કદ", "correct": false}}, {"model": "questions.option", "pk": 82, "fields": {"question": 23, "option": "એક પણ નહીં", "correct": false}}, {"model": "questions.option", "pk": 83, "fields": {"question": 23, "option": "રચના અને જીવનશૈલી", "correct": false}}, {"model": "questions.option", "pk": 84, "fields": {"question": 24, "option": "बाजरा", "correct": true}}, {"model": "questions.option", "pk": 85, "fields": {"question": 24, "option": "रबड़", "correct": false}}, {"model": "questions.option", "pk": 86, "fields": {"question": 24, "option": "चाय", "correct": false}}, {"model": "questions.option", "pk": 87, "fields": {"question": 24, "option": "कॉफी", "correct": false}}, {"model": "questions.option", "pk": 88, "fields": {"question": 25, "option": "काली मिट्टी", "correct": true}}, {"model": "questions.option", "pk": 89, "fields": {"question": 26, "option": "इनमें से सभी", "correct": true}}, {"model": "questions.option", "pk": 90, "fields": {"question": 26, "option": "वायु और ध्वनि प्रदूषण", "correct": false}}, {"model": "questions.option", "pk": 91, "fields": {"question": 26, "option": "भूमि प्रदूषण", "correct": false}}, {"model": "questions.option", "pk": 92, "fields": {"question": 26, "option": "जल प्रदूषण", "correct": false}}, {"model": "questions.option", "pk": 93, "fields": {"question": 27, "option": "विनिर्माण उद्योग", "correct": true}}, {"model": "questions.option", "pk": 94, "fields": {"question": 27, "option": "कृषि", "correct": false}}, {"model": "questions.option", "pk": 95, "fields": {"question": 27, "option": "खनिज उत्खनन", "correct": false}}, {"model": "questions.option", "pk": 96, "fields": {"question": 27, "option": "इनमें से कोई नहीं", "correct": false}}, {"model": "questions.option", "pk": 97, "fields": {"question": 28, "option": "7", "correct": true}}, {"model": "questions.option", "pk": 98, "fields": {"question": 28, "option": "8", "correct": false}}, {"model": "questions.option", "pk": 99, "fields": {"question": 28, "option": "33", "correct": false}}, {"model": "questions.option", "pk": 100, "fields": {"question": 28, "option": "15", "correct": false}}, {"model": "questions.option", "pk": 101, "fields": {"question": 30, "option": "840", "correct": true}}, {"model": "questions.option", "pk": 102, "fields": {"question": 31, "option": "0", "correct": true}}, {"model": "questions.option", "pk": 103, "fields": {"question": 32, "option": "Between F and 2F", "correct": true}}, {"model": "questions.option", "pk": 104, "fields": {"question": 32, "option": "At F", "correct": false}}, {"model": "questions.option", "pk": 105, "fields": {"question": 32, "option": "At infinity", "correct": false}}, {"model": "questions.option", "pk": 106, "fields": {"question": 32, "option": "At 2F", "correct": false}}, {"model": "questions.option", "pk": 107, "fields": {"question": 33, "option": "At Infinity", "correct": true}}, {"model": "questions.option", "pk": 108, "fields": {"question": 34, "option": "3", "correct": true}}, {"model": "questions.option", "pk": 109, "fields": {"question": 35, "option": "209", "correct": true}}, {"model": "questions.option", "pk": 110, "fields": {"question": 35, "option": "205", "correct": false}}, {"model": "questions.option", "pk": 111, "fields": {"question": 35, "option": "214", "correct": false}}, {"model": "questions.option", "pk": 112, "fields": {"question": 35, "option": "213", "correct": false}}, {"model": "questions.option", "pk": 113, "fields": {"question": 36, "option": "neutral wire", "correct": true}}, {"model": "questions.option", "pk": 114, "fields": {"question": 36, "option": "live wire", "correct": false}}, {"model": "questions.option", "pk": 115, "fields": {"question": 36, "option": "earth wire", "correct": false}}, {"model": "questions.option", "pk": 116, "fields": {"question": 36, "option": "all of the above", "correct": false}}, {"model": "questions.option", "pk": 117, "fields": {"question": 37, "option": "parallel to the magnetic field", "correct": true}}, {"model": "questions.option", "pk": 118, "fields": {"question": 37, "option": "perpendicular to the magnetic field", "correct": false}}, {"model": "questions.option", "pk": 119, "fields": {"question": 37, "option": "far away from the magnetic field", "correct": false}}, {"model": "questions.option", "pk": 120, "fields": {"question": 37, "option": "inside a magnetic field", "correct": false}}, {"model": "questions.option", "pk": 121, "fields": {"question": 38, "option": "0", "correct": true}}, {"model": "questions.option", "pk": 122, "fields": {"question": 38, "option": "1", "correct": false}}, {"model": "questions.option", "pk": 123, "fields": {"question": 38, "option": "-1", "correct": false}}, {"model": "questions.option", "pk": 124, "fields": {"question": 38, "option": "2", "correct": false}}, {"model": "questions.option", "pk": 125, "fields": {"question": 39, "option": "8", "correct": true}}, {"model": "questions.option", "pk": 126, "fields": {"question": 39, "option": "9", "correct": false}}, {"model": "questions.option", "pk": 127, "fields": {"question": 39, "option": "10", "correct": false}}, {"model": "questions.option", "pk": 128, "fields": {"question": 39, "option": "12", "correct": false}}, {"model": "questions.option", "pk": 129, "fields": {"question": 40, "option": "63", "correct": true}}, {"model": "questions.option", "pk": 130, "fields": {"question": 40, "option": "35", "correct": false}}, {"model": "questions.option", "pk": 131, "fields": {"question": 40, "option": "53", "correct": false}}, {"model": "questions.option", "pk": 132, "fields": {"question": 40, "option": "36", "correct": false}}, {"model": "questions.option", "pk": 133, "fields": {"question": 41, "option": "downward", "correct": true}}, {"model": "questions.option", "pk": 134, "fields": {"question": 42, "option": "9.8N", "correct": true}}, {"model": "questions.option", "pk": 135, "fields": {"question": 43, "option": "none of these", "correct": true}}, {"model": "questions.option", "pk": 136, "fields": {"question": 43, "option": "5000 ohm", "correct": false}}, {"model": "questions.option", "pk": 137, "fields": {"question": 43, "option": "800 ohm", "correct": false}}, {"model": "questions.option", "pk": 138, "fields": {"question": 43, "option": "0.8 ohm", "correct": false}}, {"model": "questions.option", "pk": 139, "fields": {"question": 44, "option": "12", "correct": true}}, {"model": "questions.option", "pk": 140, "fields": {"question": 44, "option": "-6", "correct": false}}, {"model": "questions.option", "pk": 141, "fields": {"question": 44, "option": "-12", "correct": false}}, {"model": "questions.option", "pk": 142, "fields": {"question": 44, "option": "-4", "correct": false}}, {"model": "questions.option", "pk": 143, "fields": {"question": 45, "option": "10(3^0.5)", "correct": true}}, {"model": "questions.option", "pk": 144, "fields": {"question": 46, "option": "60 square cm", "correct": true}}, {"model": "questions.option", "pk": 145, "fields": {"question": 47, "option": "8", "correct": true}}, {"model": "questions.option", "pk": 146, "fields": {"question": 47, "option": "12", "correct": false}}, {"model": "questions.option", "pk": 147, "fields": {"question": 47, "option": "16", "correct": false}}, {"model": "questions.option", "pk": 148, "fields": {"question": 47, "option": "10", "correct": false}}, {"model": "questions.option", "pk": 149, "fields": {"question": 48, "option": "0.895A", "correct": true}}, {"model": "questions.option", "pk": 150, "fields": {"question": 49, "option": "180 degree", "correct": true}}, {"model": "questions.option", "pk": 151, "fields": {"question": 50, "option": "0.5Nm", "correct": true}}, {"model": "questions.option", "pk": 152, "fields": {"question": 50, "option": "50Nm", "correct": false}}, {"model": "questions.option", "pk": 153, "fields": {"question": 50, "option": "2Nm", "correct": false}}, {"model": "questions.option", "pk": 154, "fields": {"question": 50, "option": "none of these", "correct": false}}, {"model": "questions.option", "pk": 155, "fields": {"question": 51, "option": "12", "correct": true}}, {"model": "questions.option", "pk": 156, "fields": {"question": 52, "option": "zero", "correct": true}}, {"model": "questions.option", "pk": 157, "fields": {"question": 52, "option": "greater than zero", "correct": false}}, {"model": "questions.option", "pk": 158, "fields": {"question": 52, "option": "less than zero", "correct": false}}, {"model": "questions.option", "pk": 159, "fields": {"question": 52, "option": "a non zero number", "correct": false}}, {"model": "questions.option", "pk": 160, "fields": {"question": 53, "option": "3750 dyne cm", "correct": true}}, {"model": "questions.option", "pk": 161, "fields": {"question": 53, "option": "1875 dyne cm", "correct": false}}, {"model": "questions.option", "pk": 162, "fields": {"question": 53, "option": " 1.5 dyne cm", "correct": false}}, {"model": "questions.option", "pk": 163, "fields": {"question": 53, "option": "3 dyne cm", "correct": false}}, {"model": "questions.option", "pk": 164, "fields": {"question": 54, "option": "17.5m", "correct": true}}, {"model": "questions.option", "pk": 165, "fields": {"question": 54, "option": "16.5m", "correct": false}}, {"model": "questions.option", "pk": 166, "fields": {"question": 54, "option": "34.5m", "correct": false}}, {"model": "questions.option", "pk": 167, "fields": {"question": 54, "option": "36.5m", "correct": false}}, {"model": "questions.option", "pk": 168, "fields": {"question": 55, "option": "all of the above", "correct": true}}, {"model": "questions.option", "pk": 169, "fields": {"question": 55, "option": "compressions and rarefactions", "correct": false}}, {"model": "questions.option", "pk": 170, "fields": {"question": 55, "option": "crest", "correct": false}}, {"model": "questions.option", "pk": 171, "fields": {"question": 55, "option": "trough", "correct": false}}, {"model": "questions.option", "pk": 172, "fields": {"question": 56, "option": "40J", "correct": true}}, {"model": "questions.option", "pk": 173, "fields": {"question": 57, "option": "Infrared rays", "correct": true}}, {"model": "questions.option", "pk": 174, "fields": {"question": 57, "option": "Utraviolet rays", "correct": false}}, {"model": "questions.option", "pk": 175, "fields": {"question": 57, "option": "Visible light", "correct": false}}, {"model": "questions.option", "pk": 176, "fields": {"question": 57, "option": "X-rays", "correct": false}}, {"model": "questions.option", "pk": 177, "fields": {"question": 58, "option": "Red", "correct": true}}, {"model": "questions.option", "pk": 178, "fields": {"question": 59, "option": "1024", "correct": true}}, {"model": "questions.option", "pk": 179, "fields": {"question": 60, "option": "1/2", "correct": true}}, {"model": "questions.option", "pk": 180, "fields": {"question": 61, "option": "6 cm", "correct": true}}, {"model": "questions.option", "pk": 181, "fields": {"question": 63, "option": "1/4", "correct": true}}, {"model": "questions.option", "pk": 182, "fields": {"question": 64, "option": "400nm to 800nm", "correct": true}}, {"model": "questions.option", "pk": 183, "fields": {"question": 66, "option": "कोलकाता (कलकत्ता)", "correct": true}}, {"model": "questions.option", "pk": 184, "fields": {"question": 67, "option": "सिंगापूर", "correct": true}}, {"model": "questions.option", "pk": 185, "fields": {"question": 68, "option": "विनोबा भावे", "correct": true}}, {"model": "questions.option", "pk": 186, "fields": {"question": 69, "option": "त्यामध्ये एकही भारतीय प्रतिनिधी नव्हता", "correct": true}}, {"model": "questions.option", "pk": 187, "fields": {"question": 70, "option": "क्रांतीकारकांमध्ये एकसूत्रता नव्हती", "correct": true}}, {"model": "questions.option", "pk": 188, "fields": {"question": 71, "option": "संत नामदेव", "correct": true}}, {"model": "questions.option", "pk": 189, "fields": {"question": 72, "option": "६१", "correct": true}}, {"model": "questions.option", "pk": 190, "fields": {"question": 73, "option": "खुदिराम बोस", "correct": true}}, {"model": "questions.option", "pk": 191, "fields": {"question": 74, "option": "गो.ग.आगरकर,  लोकमान्या टिळक आणि चिपळूणकर", "correct": true}}, {"model": "questions.option", "pk": 192, "fields": {"question": 75, "option": "बी.सी. दत्त", "correct": true}}, {"model": "questions.option", "pk": 325, "fields": {"question": 152, "option": "90", "correct": false}}, {"model": "questions.option", "pk": 326, "fields": {"question": 152, "option": "180", "correct": true}}, {"model": "questions.option", "pk": 327, "fields": {"question": 152, "option": "360", "correct": false}}, {"model": "questions.option", "pk": 328, "fields": {"question": 153, "option": "2", "correct": true}}, {"model": "questions.option", "pk": 329, "fields": {"question": 154, "option": "4", "correct": true}}, {"model": "questions.match", "pk": 1, "fields": {"question": 29, "key": "बॉक्साइट का सबसे बड़ा उत्पादक राज्य है?", "value": "उड़ीसा"}}, {"model": "questions.match", "pk": 2, "fields": {"question": 29, "key": "समुदाय के स्तर पर स्थापित “भैरोंदेव डाकव सेंचुरी” कहां है?", "value": "राजस्थान"}}, {"model": "questions.match", "pk": 3, "fields": {"question": 29, "key": "जलोढ़ मृदा इनमें से कहां पाई जाती है?", "value": "उत्तर प्रदेश"}}, {"model": "questions.match", "pk": 4, "fields": {"question": 29, "key": "निम्नलिखित में से किस प्रांत में सीढ़ीदार (सोपानी) खेती की जाती है?", "value": "उत्तराखंड"}}, {"model": "questions.match", "pk": 5, "fields": {"question": 62, "key": "The graph of y = 4x is a line", "value": "passing through the origin"}}, {"model": "questions.match", "pk": 6, "fields": {"question": 62, "key": "The graph of y = 5 is a line", "value": "parallel to x-axis"}}, {"model": "questions.match", "pk": 7, "fields": {"question": 62, "key": "The graph of x = 3 is a line", "value": "parallel to y-axis"}}, {"model": "questions.match", "pk": 8, "fields": {"question": 65, "key": "Energy", "value": "joule"}}, {"model": "questions.match", "pk": 9, "fields": {"question": 65, "key": "Distance", "value": "metres"}}, {"model": "questions.match", "pk": 10, "fields": {"question": 65, "key": "Distance", "value": "metres"}}, {"model": "questions.match", "pk": 11, "fields": {"question": 65, "key": "TIme", "value": "second"}}, {"model": "questions.keyword", "pk": 1, "fields": {"question": 1, "keyword": "Maths"}}, {"model": "questions.keyword", "pk": 2, "fields": {"question": 1, "keyword": "Circle"}}, {"model": "questions.keyword", "pk": 3, "fields": {"question": 2, "keyword": "quadratic equation"}}, {"model": "questions.keyword", "pk": 4, "fields": {"question": 3, "keyword": "Mirror"}}, {"model": "questions.keyword", "pk": 5, "fields": {"question": 4, "keyword": "lens"}}, {"model": "questions.keyword", "pk": 6, "fields": {"question": 5, "keyword": "Geography"}}, {"model": "questions.keyword", "pk": 7, "fields": {"question": 6, "keyword": "Geography"}}, {"model": "questions.keyword", "pk": 8, "fields": {"question": 7, "keyword": "Geography"}}, {"model": "questions.keyword", "pk": 9, "fields": {"question": 8, "keyword": "Geography"}}, {"model": "questions.keyword", "pk": 10, "fields": {"question": 9, "keyword": "Geography"}}, {"model": "questions.keyword", "pk": 11, "fields": {"question": 10, "keyword": "Geography"}}, {"model": "questions.keyword", "pk": 12, "fields": {"question": 11, "keyword": "Geography"}}, {"model": "questions.keyword", "pk": 13, "fields": {"question": 12, "keyword": "Geography"}}, {"model": "questions.keyword", "pk": 14, "fields": {"question": 13, "keyword": "Biology"}}, {"model": "questions.keyword", "pk": 15, "fields": {"question": 14, "keyword": "Geography"}}, {"model": "questions.keyword", "pk": 16, "fields": {"question": 15, "keyword": "Biology"}}, {"model": "questions.keyword", "pk": 17, "fields": {"question": 16, "keyword": "Biology"}}, {"model": "questions.keyword", "pk": 18, "fields": {"question": 17, "keyword": "Biology"}}, {"model": "questions.keyword", "pk": 19, "fields": {"question": 18, "keyword": "Biology"}}, {"model": "questions.keyword", "pk": 20, "fields": {"question": 19, "keyword": "Biology"}}, {"model": "questions.keyword", "pk": 21, "fields": {"question": 20, "keyword": "Biology"}}, {"model": "questions.keyword", "pk": 22, "fields": {"question": 21, "keyword": "Biology"}}, {"model": "questions.keyword", "pk": 23, "fields": {"question": 22, "keyword": "Biology"}}, {"model": "questions.keyword", "pk": 24, "fields": {"question": 23, "keyword": "Biology"}}, {"model": "questions.keyword", "pk": 25, "fields": {"question": 24, "keyword": "Geography"}}, {"model": "questions.keyword", "pk": 26, "fields": {"question": 25, "keyword": "Geography"}}, {"model": "questions.keyword", "pk": 27, "fields": {"question": 26, "keyword": "Geography"}}, {"model": "questions.keyword", "pk": 28, "fields": {"question": 27, "keyword": "Geography"}}, {"model": "questions.keyword", "pk": 29, "fields": {"question": 28, "keyword": "Geography"}}, {"model": "questions.keyword", "pk": 30, "fields": {"question": 29, "keyword": "Geography"}}, {"model": "questions.keyword", "pk": 31, "fields": {"question": 30, "keyword": "Division"}}, {"model": "questions.keyword", "pk": 32, "fields": {"question": 31, "keyword": "Linear Equation"}}, {"model": "questions.keyword", "pk": 33, "fields": {"question": 32, "keyword": "Convex Lens"}}, {"model": "questions.keyword", "pk": 34, "fields": {"question": 33, "keyword": "focal length"}}, {"model": "questions.keyword", "pk": 35, "fields": {"question": 34, "keyword": "Quadratic Equation"}}, {"model": "questions.keyword", "pk": 36, "fields": {"question": 35, "keyword": "AP"}}, {"model": "questions.keyword", "pk": 37, "fields": {"question": 36, "keyword": "Physics"}}, {"model": "questions.keyword", "pk": 38, "fields": {"question": 37, "keyword": "Physics"}}, {"model": "questions.keyword", "pk": 39, "fields": {"question": 38, "keyword": "AP"}}, {"model": "questions.keyword", "pk": 40, "fields": {"question": 39, "keyword": "rhombus"}}, {"model": "questions.keyword", "pk": 41, "fields": {"question": 40, "keyword": "Triangle"}}, {"model": "questions.keyword", "pk": 42, "fields": {"question": 41, "keyword": "Physics"}}, {"model": "questions.keyword", "pk": 43, "fields": {"question": 42, "keyword": "Body Mass"}}, {"model": "questions.keyword", "pk": 44, "fields": {"question": 43, "keyword": "Physics"}}, {"model": "questions.keyword", "pk": 45, "fields": {"question": 43, "keyword": "battery"}}, {"model": "questions.keyword", "pk": 46, "fields": {"question": 44, "keyword": "Midpoint"}}, {"model": "questions.keyword", "pk": 47, "fields": {"question": 45, "keyword": "triangle"}}, {"model": "questions.keyword", "pk": 48, "fields": {"question": 46, "keyword": "Circle"}}, {"model": "questions.keyword", "pk": 49, "fields": {"question": 47, "keyword": "Sector"}}, {"model": "questions.keyword", "pk": 50, "fields": {"question": 48, "keyword": "Physics"}}, {"model": "questions.keyword", "pk": 51, "fields": {"question": 49, "keyword": "Physics"}}, {"model": "questions.keyword", "pk": 52, "fields": {"question": 50, "keyword": "Force"}}, {"model": "questions.keyword", "pk": 53, "fields": {"question": 51, "keyword": "Cricle"}}, {"model": "questions.keyword", "pk": 54, "fields": {"question": 52, "keyword": "algebraic"}}, {"model": "questions.keyword", "pk": 55, "fields": {"question": 53, "keyword": "force"}}, {"model": "questions.keyword", "pk": 56, "fields": {"question": 54, "keyword": "sound"}}, {"model": "questions.keyword", "pk": 57, "fields": {"question": 55, "keyword": "sound"}}, {"model": "questions.keyword", "pk": 58, "fields": {"question": 56, "keyword": "PE"}}, {"model": "questions.keyword", "pk": 59, "fields": {"question": 57, "keyword": "radiation"}}, {"model": "questions.keyword", "pk": 60, "fields": {"question": 58, "keyword": "spectrum"}}, {"model": "questions.keyword", "pk": 61, "fields": {"question": 59, "keyword": "events"}}, {"model": "questions.keyword", "pk": 62, "fields": {"question": 60, "keyword": "Probability"}}, {"model": "questions.keyword", "pk": 63, "fields": {"question": 61, "keyword": "Circle"}}, {"model": "questions.keyword", "pk": 64, "fields": {"question": 62, "keyword": "graph"}}, {"model": "questions.keyword", "pk": 65, "fields": {"question": 63, "keyword": "Probability"}}, {"model": "questions.keyword", "pk": 66, "fields": {"question": 64, "keyword": "spectrum"}}, {"model": "questions.keyword", "pk": 67, "fields": {"question": 65, "keyword": "SI"}}, {"model": "questions.keyword", "pk": 68, "fields": {"question": 66, "keyword": "History"}}, {"model": "questions.keyword", "pk": 69, "fields": {"question": 67, "keyword": "History"}}, {"model": "questions.keyword", "pk": 70, "fields": {"question": 68, "keyword": "History"}}, {"model": "questions.keyword", "pk": 71, "fields": {"question": 69, "keyword": "History"}}, {"model": "questions.keyword", "pk": 72, "fields": {"question": 70, "keyword": "History"}}, {"model": "questions.keyword", "pk": 73, "fields": {"question": 71, "keyword": "History"}}, {"model": "questions.keyword", "pk": 74, "fields": {"question": 72, "keyword": "History"}}, {"model": "questions.keyword", "pk": 75, "fields": {"question": 73, "keyword": "History"}}, {"model": "questions.keyword", "pk": 76, "fields": {"question": 74, "keyword": "History"}}, {"model": "questions.keyword", "pk": 77, "fields": {"question": 75, "keyword": "History"}}, {"model": "questions.keyword", "pk": 152, "fields": {"question": 152, "keyword": "trignometry"}}, {"model": "questions.keyword", "pk": 153, "fields": {"question": 152, "keyword": " angles"}}, {"model": "questions.keyword", "pk": 154, "fields": {"question": 152, "keyword": " triangles"}}, {"model": "questions.keyword", "pk": 155, "fields": {"question": 153, "keyword": "mental math"}}, {"model": "questions.keyword", "pk": 156, "fields": {"question": 153, "keyword": " addition"}}, {"model": "questions.keyword", "pk": 157, "fields": {"question": 154, "keyword": "algebra"}}, {"model": "questions.keyword", "pk": 158, "fields": {"question": 154, "keyword": " BODMAS"}}, {"model": "questions.paper", "pk": 1, "fields": {"export_date": "2022-08-26T05:57:33.231Z", "teacher": 1, "name": "Maths Unit Test"}}, {"model": "questions.paper", "pk": 2, "fields": {"export_date": "2022-08-26T06:01:10.610Z", "teacher": 1, "name": "Physics Practice Test"}}, {"model": "questions.questionpaper", "pk": 1, "fields": {"paper": 1, "question": 2}}, {"model": "questions.questionpaper", "pk": 2, "fields": {"paper": 1, "question": 38}}, {"model": "questions.questionpaper", "pk": 3, "fields": {"paper": 1, "question": 39}}, {"model": "questions.questionpaper", "pk": 4, "fields": {"paper": 1, "question": 40}}, {"model": "questions.questionpaper", "pk": 5, "fields": {"paper": 1, "question": 59}}, {"model": "questions.questionpaper", "pk": 6, "fields": {"paper": 1, "question": 1}}, {"model": "questions.questionpaper", "pk": 7, "fields": {"paper": 1, "question": 30}}, {"model": "questions.questionpaper", "pk": 8, "fields": {"paper": 1, "question": 31}}, {"model": "questions.questionpaper", "pk": 9, "fields": {"paper": 1, "question": 34}}, {"model": "questions.questionpaper", "pk": 10, "fields": {"paper": 1, "question": 35}}, {"model": "questions.questionpaper", "pk": 11, "fields": {"paper": 1, "question": 45}}, {"model": "questions.questionpaper", "pk": 12, "fields": {"paper": 1, "question": 46}}, {"model": "questions.questionpaper", "pk": 13, "fields": {"paper": 1, "question": 47}}, {"model": "questions.questionpaper", "pk": 14, "fields": {"paper": 1, "question": 62}}, {"model": "questions.questionpaper", "pk": 15, "fields": {"paper": 2, "question": 3}}, {"model": "questions.questionpaper", "pk": 16, "fields": {"paper": 2, "question": 4}}, {"model": "questions.questionpaper", "pk": 17, "fields": {"paper": 2, "question": 33}}, {"model": "questions.questionpaper", "pk": 18, "fields": {"paper": 2, "question": 36}}, {"model": "questions.questionpaper", "pk": 19, "fields": {"paper": 2, "question": 41}}, {"model": "questions.questionpaper", "pk": 20, "fields": {"paper": 2, "question": 32}}, {"model": "questions.questionpaper", "pk": 21, "fields": {"paper": 2, "question": 42}}, {"model": "questions.questionpaper", "pk": 22, "fields": {"paper": 2, "question": 48}}, {"model": "questions.questionpaper", "pk": 23, "fields": {"paper": 2, "question": 49}}, {"model": "questions.questionpaper", "pk": 24, "fields": {"paper": 2, "question": 50}}]